Listing '.'...
Listing './.git'...
Listing './.git/hooks'...
Listing './.git/info'...
Listing './.git/logs'...
Listing './.git/logs/refs'...
Listing './.git/logs/refs/heads'...
Listing './.git/logs/refs/remotes'...
Listing './.git/logs/refs/remotes/origin'...
Listing './.git/objects'...
Listing './.git/objects/00'...
Listing './.git/objects/01'...
Listing './.git/objects/02'...
Listing './.git/objects/03'...
Listing './.git/objects/04'...
Listing './.git/objects/05'...
Listing './.git/objects/06'...
Listing './.git/objects/07'...
Listing './.git/objects/08'...
Listing './.git/objects/09'...
Listing './.git/objects/0a'...
Listing './.git/objects/0b'...
Listing './.git/objects/0c'...
Listing './.git/objects/0d'...
Listing './.git/objects/0e'...
Listing './.git/objects/0f'...
Listing './.git/objects/10'...
Listing './.git/objects/11'...
Listing './.git/objects/12'...
Listing './.git/objects/13'...
Listing './.git/objects/14'...
Listing './.git/objects/15'...
Listing './.git/objects/16'...
Listing './.git/objects/17'...
Listing './.git/objects/18'...
Listing './.git/objects/19'...
Listing './.git/objects/1a'...
Listing './.git/objects/1b'...
Listing './.git/objects/1c'...
Listing './.git/objects/1d'...
Listing './.git/objects/1e'...
Listing './.git/objects/1f'...
Listing './.git/objects/20'...
Listing './.git/objects/21'...
Listing './.git/objects/22'...
Listing './.git/objects/23'...
Listing './.git/objects/24'...
Listing './.git/objects/25'...
Listing './.git/objects/26'...
Listing './.git/objects/27'...
Listing './.git/objects/28'...
Listing './.git/objects/29'...
Listing './.git/objects/2a'...
Listing './.git/objects/2b'...
Listing './.git/objects/2c'...
Listing './.git/objects/2d'...
Listing './.git/objects/2e'...
Listing './.git/objects/2f'...
Listing './.git/objects/30'...
Listing './.git/objects/31'...
Listing './.git/objects/32'...
Listing './.git/objects/33'...
Listing './.git/objects/34'...
Listing './.git/objects/35'...
Listing './.git/objects/36'...
Listing './.git/objects/37'...
Listing './.git/objects/38'...
Listing './.git/objects/39'...
Listing './.git/objects/3a'...
Listing './.git/objects/3b'...
Listing './.git/objects/3c'...
Listing './.git/objects/3d'...
Listing './.git/objects/3e'...
Listing './.git/objects/3f'...
Listing './.git/objects/40'...
Listing './.git/objects/41'...
Listing './.git/objects/42'...
Listing './.git/objects/43'...
Listing './.git/objects/44'...
Listing './.git/objects/45'...
Listing './.git/objects/46'...
Listing './.git/objects/47'...
Listing './.git/objects/48'...
Listing './.git/objects/49'...
Listing './.git/objects/4a'...
Listing './.git/objects/4b'...
Listing './.git/objects/4c'...
Listing './.git/objects/4d'...
Listing './.git/objects/4e'...
Listing './.git/objects/4f'...
Listing './.git/objects/50'...
Listing './.git/objects/51'...
Listing './.git/objects/52'...
Listing './.git/objects/53'...
Listing './.git/objects/54'...
Listing './.git/objects/55'...
Listing './.git/objects/56'...
Listing './.git/objects/57'...
Listing './.git/objects/58'...
Listing './.git/objects/59'...
Listing './.git/objects/5a'...
Listing './.git/objects/5b'...
Listing './.git/objects/5c'...
Listing './.git/objects/5d'...
Listing './.git/objects/5e'...
Listing './.git/objects/5f'...
Listing './.git/objects/60'...
Listing './.git/objects/61'...
Listing './.git/objects/62'...
Listing './.git/objects/63'...
Listing './.git/objects/64'...
Listing './.git/objects/65'...
Listing './.git/objects/66'...
Listing './.git/objects/67'...
Listing './.git/objects/68'...
Listing './.git/objects/69'...
Listing './.git/objects/6a'...
Listing './.git/objects/6b'...
Listing './.git/objects/6c'...
Listing './.git/objects/6d'...
Listing './.git/objects/6e'...
Listing './.git/objects/6f'...
Listing './.git/objects/70'...
Listing './.git/objects/71'...
Listing './.git/objects/72'...
Listing './.git/objects/73'...
Listing './.git/objects/74'...
Listing './.git/objects/75'...
Listing './.git/objects/76'...
Listing './.git/objects/77'...
Listing './.git/objects/78'...
Listing './.git/objects/79'...
Listing './.git/objects/7a'...
Listing './.git/objects/7b'...
Listing './.git/objects/7c'...
Listing './.git/objects/7d'...
Listing './.git/objects/7e'...
Listing './.git/objects/7f'...
Listing './.git/objects/80'...
Listing './.git/objects/81'...
Listing './.git/objects/82'...
Listing './.git/objects/83'...
Listing './.git/objects/84'...
Listing './.git/objects/85'...
Listing './.git/objects/86'...
Listing './.git/objects/87'...
Listing './.git/objects/88'...
Listing './.git/objects/89'...
Listing './.git/objects/8a'...
Listing './.git/objects/8b'...
Listing './.git/objects/8c'...
Listing './.git/objects/8d'...
Listing './.git/objects/8e'...
Listing './.git/objects/8f'...
Listing './.git/objects/90'...
Listing './.git/objects/91'...
Listing './.git/objects/92'...
Listing './.git/objects/93'...
Listing './.git/objects/94'...
Listing './.git/objects/95'...
Listing './.git/objects/96'...
Listing './.git/objects/97'...
Listing './.git/objects/98'...
Listing './.git/objects/99'...
Listing './.git/objects/9a'...
Listing './.git/objects/9b'...
Listing './.git/objects/9c'...
Listing './.git/objects/9d'...
Listing './.git/objects/9e'...
Listing './.git/objects/9f'...
Listing './.git/objects/a0'...
Listing './.git/objects/a1'...
Listing './.git/objects/a2'...
Listing './.git/objects/a3'...
Listing './.git/objects/a4'...
Listing './.git/objects/a5'...
Listing './.git/objects/a6'...
Listing './.git/objects/a7'...
Listing './.git/objects/a8'...
Listing './.git/objects/a9'...
Listing './.git/objects/aa'...
Listing './.git/objects/ab'...
Listing './.git/objects/ac'...
Listing './.git/objects/ad'...
Listing './.git/objects/ae'...
Listing './.git/objects/af'...
Listing './.git/objects/b0'...
Listing './.git/objects/b1'...
Listing './.git/objects/b2'...
Listing './.git/objects/b3'...
Listing './.git/objects/b4'...
Listing './.git/objects/b5'...
Listing './.git/objects/b6'...
Listing './.git/objects/b7'...
Listing './.git/objects/b8'...
Listing './.git/objects/b9'...
Listing './.git/objects/ba'...
Listing './.git/objects/bb'...
Listing './.git/objects/bc'...
Listing './.git/objects/bd'...
Listing './.git/objects/be'...
Listing './.git/objects/bf'...
Listing './.git/objects/c0'...
Listing './.git/objects/c1'...
Listing './.git/objects/c2'...
Listing './.git/objects/c3'...
Listing './.git/objects/c4'...
Listing './.git/objects/c5'...
Listing './.git/objects/c6'...
Listing './.git/objects/c7'...
Listing './.git/objects/c8'...
Listing './.git/objects/c9'...
Listing './.git/objects/ca'...
Listing './.git/objects/cb'...
Listing './.git/objects/cc'...
Listing './.git/objects/cd'...
Listing './.git/objects/ce'...
Listing './.git/objects/cf'...
Listing './.git/objects/d0'...
Listing './.git/objects/d1'...
Listing './.git/objects/d2'...
Listing './.git/objects/d3'...
Listing './.git/objects/d4'...
Listing './.git/objects/d5'...
Listing './.git/objects/d6'...
Listing './.git/objects/d7'...
Listing './.git/objects/d8'...
Listing './.git/objects/d9'...
Listing './.git/objects/da'...
Listing './.git/objects/db'...
Listing './.git/objects/dc'...
Listing './.git/objects/dd'...
Listing './.git/objects/de'...
Listing './.git/objects/df'...
Listing './.git/objects/e0'...
Listing './.git/objects/e1'...
Listing './.git/objects/e2'...
Listing './.git/objects/e3'...
Listing './.git/objects/e4'...
Listing './.git/objects/e5'...
Listing './.git/objects/e6'...
Listing './.git/objects/e7'...
Listing './.git/objects/e8'...
Listing './.git/objects/e9'...
Listing './.git/objects/ea'...
Listing './.git/objects/eb'...
Listing './.git/objects/ec'...
Listing './.git/objects/ed'...
Listing './.git/objects/ee'...
Listing './.git/objects/ef'...
Listing './.git/objects/f0'...
Listing './.git/objects/f1'...
Listing './.git/objects/f2'...
Listing './.git/objects/f3'...
Listing './.git/objects/f4'...
Listing './.git/objects/f5'...
Listing './.git/objects/f6'...
Listing './.git/objects/f7'...
Listing './.git/objects/f8'...
Listing './.git/objects/f9'...
Listing './.git/objects/fa'...
Listing './.git/objects/fb'...
Listing './.git/objects/fc'...
Listing './.git/objects/fd'...
Listing './.git/objects/fe'...
Listing './.git/objects/ff'...
Listing './.git/objects/info'...
Listing './.git/objects/pack'...
Listing './.git/refs'...
Listing './.git/refs/heads'...
Listing './.git/refs/remotes'...
Listing './.git/refs/remotes/origin'...
Listing './.git/refs/tags'...
Listing './OLD'...
Listing './OLD_EXPLORER'...
Listing './android'...
Listing './android/.gradle'...
Listing './android/.gradle/8.5'...
Listing './android/.gradle/8.5/checksums'...
Listing './android/.gradle/8.5/dependencies-accessors'...
Listing './android/.gradle/8.5/executionHistory'...
Listing './android/.gradle/8.5/fileChanges'...
Listing './android/.gradle/8.5/fileHashes'...
Listing './android/.gradle/8.5/vcsMetadata'...
Listing './android/.gradle/9.2.0'...
Listing './android/.gradle/9.2.0/checksums'...
Listing './android/.gradle/9.2.0/executionHistory'...
Listing './android/.gradle/9.2.0/expanded'...
Listing './android/.gradle/9.2.0/fileChanges'...
Listing './android/.gradle/9.2.0/fileHashes'...
Listing './android/.gradle/9.2.0/vcsMetadata'...
Listing './android/.gradle/buildOutputCleanup'...
Listing './android/.gradle/kotlin'...
Listing './android/.gradle/kotlin/errors'...
Listing './android/.gradle/kotlin/sessions'...
Listing './android/.gradle/vcs-1'...
Listing './android/app'...
Listing './android/app/build'...
Listing './android/app/build/generated'...
Listing './android/app/build/generated/res'...
Listing './android/app/build/generated/res/pngs'...
Listing './android/app/build/generated/res/pngs/debug'...
Listing './android/app/build/generated/res/pngs/gecko'...
Listing './android/app/build/generated/res/pngs/gecko/debug'...
Listing './android/app/build/generated/res/resValues'...
Listing './android/app/build/generated/res/resValues/debug'...
Listing './android/app/build/generated/res/resValues/gecko'...
Listing './android/app/build/generated/res/resValues/gecko/debug'...
Listing './android/app/build/intermediates'...
Listing './android/app/build/intermediates/aar_metadata_check'...
Listing './android/app/build/intermediates/aar_metadata_check/debug'...
Listing './android/app/build/intermediates/aar_metadata_check/debug/checkDebugAarMetadata'...
Listing './android/app/build/intermediates/aar_metadata_check/geckoDebug'...
Listing './android/app/build/intermediates/aar_metadata_check/geckoDebug/checkGeckoDebugAarMetadata'...
Listing './android/app/build/intermediates/annotation_processor_list'...
Listing './android/app/build/intermediates/annotation_processor_list/debug'...
Listing './android/app/build/intermediates/annotation_processor_list/debug/javaPreCompileDebug'...
Listing './android/app/build/intermediates/annotation_processor_list/geckoDebug'...
Listing './android/app/build/intermediates/annotation_processor_list/geckoDebug/javaPreCompileGeckoDebug'...
Listing './android/app/build/intermediates/apk_ide_redirect_file'...
Listing './android/app/build/intermediates/apk_ide_redirect_file/debug'...
Listing './android/app/build/intermediates/apk_ide_redirect_file/debug/createDebugApkListingFileRedirect'...
Listing './android/app/build/intermediates/apk_ide_redirect_file/geckoDebug'...
Listing './android/app/build/intermediates/apk_ide_redirect_file/geckoDebug/createGeckoDebugApkListingFileRedirect'...
Listing './android/app/build/intermediates/app_metadata'...
Listing './android/app/build/intermediates/app_metadata/debug'...
Listing './android/app/build/intermediates/app_metadata/debug/writeDebugAppMetadata'...
Listing './android/app/build/intermediates/app_metadata/geckoDebug'...
Listing './android/app/build/intermediates/app_metadata/geckoDebug/writeGeckoDebugAppMetadata'...
Listing './android/app/build/intermediates/assets'...
Listing './android/app/build/intermediates/assets/debug'...
Listing './android/app/build/intermediates/assets/debug/mergeDebugAssets'...
Listing './android/app/build/intermediates/assets/geckoDebug'...
Listing './android/app/build/intermediates/assets/geckoDebug/mergeGeckoDebugAssets'...
Listing './android/app/build/intermediates/compatible_screen_manifest'...
Listing './android/app/build/intermediates/compatible_screen_manifest/debug'...
Listing './android/app/build/intermediates/compatible_screen_manifest/debug/createDebugCompatibleScreenManifests'...
Listing './android/app/build/intermediates/compatible_screen_manifest/geckoDebug'...
Listing './android/app/build/intermediates/compatible_screen_manifest/geckoDebug/createGeckoDebugCompatibleScreenManifests'...
Listing './android/app/build/intermediates/compile_and_runtime_not_namespaced_r_class_jar'...
Listing './android/app/build/intermediates/compile_and_runtime_not_namespaced_r_class_jar/debug'...
Listing './android/app/build/intermediates/compile_and_runtime_not_namespaced_r_class_jar/debug/processDebugResources'...
Listing './android/app/build/intermediates/compile_and_runtime_not_namespaced_r_class_jar/geckoDebug'...
Listing './android/app/build/intermediates/compile_and_runtime_not_namespaced_r_class_jar/geckoDebug/processGeckoDebugResources'...
Listing './android/app/build/intermediates/compressed_assets'...
Listing './android/app/build/intermediates/compressed_assets/debug'...
Listing './android/app/build/intermediates/compressed_assets/debug/compressDebugAssets'...
Listing './android/app/build/intermediates/compressed_assets/debug/compressDebugAssets/out'...
Listing './android/app/build/intermediates/compressed_assets/geckoDebug'...
Listing './android/app/build/intermediates/compressed_assets/geckoDebug/compressGeckoDebugAssets'...
Listing './android/app/build/intermediates/compressed_assets/geckoDebug/compressGeckoDebugAssets/out'...
Listing './android/app/build/intermediates/compressed_assets/geckoDebug/compressGeckoDebugAssets/out/assets'...
Listing './android/app/build/intermediates/data_binding_layout_info_type_merge'...
Listing './android/app/build/intermediates/data_binding_layout_info_type_merge/debug'...
Listing './android/app/build/intermediates/data_binding_layout_info_type_merge/debug/mergeDebugResources'...
Listing './android/app/build/intermediates/data_binding_layout_info_type_merge/debug/mergeDebugResources/out'...
Listing './android/app/build/intermediates/data_binding_layout_info_type_merge/geckoDebug'...
Listing './android/app/build/intermediates/data_binding_layout_info_type_merge/geckoDebug/mergeGeckoDebugResources'...
Listing './android/app/build/intermediates/data_binding_layout_info_type_merge/geckoDebug/mergeGeckoDebugResources/out'...
Listing './android/app/build/intermediates/data_binding_layout_info_type_package'...
Listing './android/app/build/intermediates/data_binding_layout_info_type_package/debug'...
Listing './android/app/build/intermediates/data_binding_layout_info_type_package/debug/packageDebugResources'...
Listing './android/app/build/intermediates/data_binding_layout_info_type_package/debug/packageDebugResources/out'...
Listing './android/app/build/intermediates/data_binding_layout_info_type_package/geckoDebug'...
Listing './android/app/build/intermediates/data_binding_layout_info_type_package/geckoDebug/packageGeckoDebugResources'...
Listing './android/app/build/intermediates/data_binding_layout_info_type_package/geckoDebug/packageGeckoDebugResources/out'...
Listing './android/app/build/intermediates/desugar_graph'...
Listing './android/app/build/intermediates/desugar_graph/debug'...
Listing './android/app/build/intermediates/desugar_graph/debug/dexBuilderDebug'...
Listing './android/app/build/intermediates/desugar_graph/debug/dexBuilderDebug/out'...
Listing './android/app/build/intermediates/desugar_graph/debug/dexBuilderDebug/out/currentProject'...
Listing './android/app/build/intermediates/desugar_graph/debug/dexBuilderDebug/out/currentProject/dirs_bucket_0'...
Listing './android/app/build/intermediates/desugar_graph/debug/dexBuilderDebug/out/currentProject/dirs_bucket_1'...
Listing './android/app/build/intermediates/desugar_graph/debug/dexBuilderDebug/out/currentProject/dirs_bucket_2'...
Listing './android/app/build/intermediates/desugar_graph/debug/dexBuilderDebug/out/currentProject/dirs_bucket_3'...
Listing './android/app/build/intermediates/desugar_graph/debug/dexBuilderDebug/out/currentProject/jar_25a2d070c96a3a33e225dd56e91997434e6b9a791caa67f171b903d02df68fd3_bucket_0'...
Listing './android/app/build/intermediates/desugar_graph/debug/dexBuilderDebug/out/currentProject/jar_25a2d070c96a3a33e225dd56e91997434e6b9a791caa67f171b903d02df68fd3_bucket_1'...
Listing './android/app/build/intermediates/desugar_graph/debug/dexBuilderDebug/out/currentProject/jar_25a2d070c96a3a33e225dd56e91997434e6b9a791caa67f171b903d02df68fd3_bucket_2'...
Listing './android/app/build/intermediates/desugar_graph/debug/dexBuilderDebug/out/currentProject/jar_25a2d070c96a3a33e225dd56e91997434e6b9a791caa67f171b903d02df68fd3_bucket_3'...
Listing './android/app/build/intermediates/desugar_graph/debug/dexBuilderDebug/out/externalLibs'...
Listing './android/app/build/intermediates/desugar_graph/debug/dexBuilderDebug/out/mixedScopes'...
Listing './android/app/build/intermediates/desugar_graph/debug/dexBuilderDebug/out/otherProjects'...
Listing './android/app/build/intermediates/desugar_graph/geckoDebug'...
Listing './android/app/build/intermediates/desugar_graph/geckoDebug/dexBuilderGeckoDebug'...
Listing './android/app/build/intermediates/desugar_graph/geckoDebug/dexBuilderGeckoDebug/out'...
Listing './android/app/build/intermediates/desugar_graph/geckoDebug/dexBuilderGeckoDebug/out/currentProject'...
Listing './android/app/build/intermediates/desugar_graph/geckoDebug/dexBuilderGeckoDebug/out/currentProject/dirs_bucket_0'...
Listing './android/app/build/intermediates/desugar_graph/geckoDebug/dexBuilderGeckoDebug/out/currentProject/dirs_bucket_1'...
Listing './android/app/build/intermediates/desugar_graph/geckoDebug/dexBuilderGeckoDebug/out/currentProject/dirs_bucket_2'...
Listing './android/app/build/intermediates/desugar_graph/geckoDebug/dexBuilderGeckoDebug/out/currentProject/dirs_bucket_3'...
Listing './android/app/build/intermediates/desugar_graph/geckoDebug/dexBuilderGeckoDebug/out/currentProject/jar_6efa575b7c74a54a81c3284401f6f840a7fcb1a7e9fad905c69574edbb6dc410_bucket_0'...
Listing './android/app/build/intermediates/desugar_graph/geckoDebug/dexBuilderGeckoDebug/out/currentProject/jar_6efa575b7c74a54a81c3284401f6f840a7fcb1a7e9fad905c69574edbb6dc410_bucket_1'...
Listing './android/app/build/intermediates/desugar_graph/geckoDebug/dexBuilderGeckoDebug/out/currentProject/jar_6efa575b7c74a54a81c3284401f6f840a7fcb1a7e9fad905c69574edbb6dc410_bucket_2'...
Listing './android/app/build/intermediates/desugar_graph/geckoDebug/dexBuilderGeckoDebug/out/currentProject/jar_6efa575b7c74a54a81c3284401f6f840a7fcb1a7e9fad905c69574edbb6dc410_bucket_3'...
Listing './android/app/build/intermediates/desugar_graph/geckoDebug/dexBuilderGeckoDebug/out/externalLibs'...
Listing './android/app/build/intermediates/desugar_graph/geckoDebug/dexBuilderGeckoDebug/out/mixedScopes'...
Listing './android/app/build/intermediates/desugar_graph/geckoDebug/dexBuilderGeckoDebug/out/otherProjects'...
Listing './android/app/build/intermediates/dex'...
Listing './android/app/build/intermediates/dex/debug'...
Listing './android/app/build/intermediates/dex/debug/mergeExtDexDebug'...
Listing './android/app/build/intermediates/dex/debug/mergeLibDexDebug'...
Listing './android/app/build/intermediates/dex/debug/mergeLibDexDebug/0'...
Listing './android/app/build/intermediates/dex/debug/mergeLibDexDebug/1'...
Listing './android/app/build/intermediates/dex/debug/mergeLibDexDebug/10'...
Listing './android/app/build/intermediates/dex/debug/mergeLibDexDebug/11'...
Listing './android/app/build/intermediates/dex/debug/mergeLibDexDebug/12'...
Listing './android/app/build/intermediates/dex/debug/mergeLibDexDebug/13'...
Listing './android/app/build/intermediates/dex/debug/mergeLibDexDebug/14'...
Listing './android/app/build/intermediates/dex/debug/mergeLibDexDebug/15'...
Listing './android/app/build/intermediates/dex/debug/mergeLibDexDebug/2'...
Listing './android/app/build/intermediates/dex/debug/mergeLibDexDebug/3'...
Listing './android/app/build/intermediates/dex/debug/mergeLibDexDebug/4'...
Listing './android/app/build/intermediates/dex/debug/mergeLibDexDebug/5'...
Listing './android/app/build/intermediates/dex/debug/mergeLibDexDebug/6'...
Listing './android/app/build/intermediates/dex/debug/mergeLibDexDebug/7'...
Listing './android/app/build/intermediates/dex/debug/mergeLibDexDebug/8'...
Listing './android/app/build/intermediates/dex/debug/mergeLibDexDebug/9'...
Listing './android/app/build/intermediates/dex/debug/mergeProjectDexDebug'...
Listing './android/app/build/intermediates/dex/debug/mergeProjectDexDebug/0'...
Listing './android/app/build/intermediates/dex/debug/mergeProjectDexDebug/1'...
Listing './android/app/build/intermediates/dex/debug/mergeProjectDexDebug/10'...
Listing './android/app/build/intermediates/dex/debug/mergeProjectDexDebug/11'...
Listing './android/app/build/intermediates/dex/debug/mergeProjectDexDebug/12'...
Listing './android/app/build/intermediates/dex/debug/mergeProjectDexDebug/13'...
Listing './android/app/build/intermediates/dex/debug/mergeProjectDexDebug/14'...
Listing './android/app/build/intermediates/dex/debug/mergeProjectDexDebug/15'...
Listing './android/app/build/intermediates/dex/debug/mergeProjectDexDebug/2'...
Listing './android/app/build/intermediates/dex/debug/mergeProjectDexDebug/3'...
Listing './android/app/build/intermediates/dex/debug/mergeProjectDexDebug/4'...
Listing './android/app/build/intermediates/dex/debug/mergeProjectDexDebug/5'...
Listing './android/app/build/intermediates/dex/debug/mergeProjectDexDebug/6'...
Listing './android/app/build/intermediates/dex/debug/mergeProjectDexDebug/7'...
Listing './android/app/build/intermediates/dex/debug/mergeProjectDexDebug/8'...
Listing './android/app/build/intermediates/dex/debug/mergeProjectDexDebug/9'...
Listing './android/app/build/intermediates/dex/geckoDebug'...
Listing './android/app/build/intermediates/dex/geckoDebug/mergeExtDexGeckoDebug'...
Listing './android/app/build/intermediates/dex/geckoDebug/mergeLibDexGeckoDebug'...
Listing './android/app/build/intermediates/dex/geckoDebug/mergeLibDexGeckoDebug/0'...
Listing './android/app/build/intermediates/dex/geckoDebug/mergeLibDexGeckoDebug/1'...
Listing './android/app/build/intermediates/dex/geckoDebug/mergeLibDexGeckoDebug/10'...
Listing './android/app/build/intermediates/dex/geckoDebug/mergeLibDexGeckoDebug/11'...
Listing './android/app/build/intermediates/dex/geckoDebug/mergeLibDexGeckoDebug/12'...
Listing './android/app/build/intermediates/dex/geckoDebug/mergeLibDexGeckoDebug/13'...
Listing './android/app/build/intermediates/dex/geckoDebug/mergeLibDexGeckoDebug/14'...
Listing './android/app/build/intermediates/dex/geckoDebug/mergeLibDexGeckoDebug/15'...
Listing './android/app/build/intermediates/dex/geckoDebug/mergeLibDexGeckoDebug/2'...
Listing './android/app/build/intermediates/dex/geckoDebug/mergeLibDexGeckoDebug/3'...
Listing './android/app/build/intermediates/dex/geckoDebug/mergeLibDexGeckoDebug/4'...
Listing './android/app/build/intermediates/dex/geckoDebug/mergeLibDexGeckoDebug/5'...
Listing './android/app/build/intermediates/dex/geckoDebug/mergeLibDexGeckoDebug/6'...
Listing './android/app/build/intermediates/dex/geckoDebug/mergeLibDexGeckoDebug/7'...
Listing './android/app/build/intermediates/dex/geckoDebug/mergeLibDexGeckoDebug/8'...
Listing './android/app/build/intermediates/dex/geckoDebug/mergeLibDexGeckoDebug/9'...
Listing './android/app/build/intermediates/dex/geckoDebug/mergeProjectDexGeckoDebug'...
Listing './android/app/build/intermediates/dex/geckoDebug/mergeProjectDexGeckoDebug/0'...
Listing './android/app/build/intermediates/dex/geckoDebug/mergeProjectDexGeckoDebug/1'...
Listing './android/app/build/intermediates/dex/geckoDebug/mergeProjectDexGeckoDebug/10'...
Listing './android/app/build/intermediates/dex/geckoDebug/mergeProjectDexGeckoDebug/11'...
Listing './android/app/build/intermediates/dex/geckoDebug/mergeProjectDexGeckoDebug/12'...
Listing './android/app/build/intermediates/dex/geckoDebug/mergeProjectDexGeckoDebug/13'...
Listing './android/app/build/intermediates/dex/geckoDebug/mergeProjectDexGeckoDebug/14'...
Listing './android/app/build/intermediates/dex/geckoDebug/mergeProjectDexGeckoDebug/15'...
Listing './android/app/build/intermediates/dex/geckoDebug/mergeProjectDexGeckoDebug/2'...
Listing './android/app/build/intermediates/dex/geckoDebug/mergeProjectDexGeckoDebug/3'...
Listing './android/app/build/intermediates/dex/geckoDebug/mergeProjectDexGeckoDebug/4'...
Listing './android/app/build/intermediates/dex/geckoDebug/mergeProjectDexGeckoDebug/5'...
Listing './android/app/build/intermediates/dex/geckoDebug/mergeProjectDexGeckoDebug/6'...
Listing './android/app/build/intermediates/dex/geckoDebug/mergeProjectDexGeckoDebug/7'...
Listing './android/app/build/intermediates/dex/geckoDebug/mergeProjectDexGeckoDebug/8'...
Listing './android/app/build/intermediates/dex/geckoDebug/mergeProjectDexGeckoDebug/9'...
Listing './android/app/build/intermediates/dex_archive_input_jar_hashes'...
Listing './android/app/build/intermediates/dex_archive_input_jar_hashes/debug'...
Listing './android/app/build/intermediates/dex_archive_input_jar_hashes/debug/dexBuilderDebug'...
Listing './android/app/build/intermediates/dex_archive_input_jar_hashes/geckoDebug'...
Listing './android/app/build/intermediates/dex_archive_input_jar_hashes/geckoDebug/dexBuilderGeckoDebug'...
Listing './android/app/build/intermediates/dex_number_of_buckets_file'...
Listing './android/app/build/intermediates/dex_number_of_buckets_file/debug'...
Listing './android/app/build/intermediates/dex_number_of_buckets_file/debug/dexBuilderDebug'...
Listing './android/app/build/intermediates/dex_number_of_buckets_file/geckoDebug'...
Listing './android/app/build/intermediates/dex_number_of_buckets_file/geckoDebug/dexBuilderGeckoDebug'...
Listing './android/app/build/intermediates/duplicate_classes_check'...
Listing './android/app/build/intermediates/duplicate_classes_check/debug'...
Listing './android/app/build/intermediates/duplicate_classes_check/debug/checkDebugDuplicateClasses'...
Listing './android/app/build/intermediates/duplicate_classes_check/geckoDebug'...
Listing './android/app/build/intermediates/duplicate_classes_check/geckoDebug/checkGeckoDebugDuplicateClasses'...
Listing './android/app/build/intermediates/external_file_lib_dex_archives'...
Listing './android/app/build/intermediates/external_file_lib_dex_archives/debug'...
Listing './android/app/build/intermediates/external_file_lib_dex_archives/debug/desugarDebugFileDependencies'...
Listing './android/app/build/intermediates/external_file_lib_dex_archives/geckoDebug'...
Listing './android/app/build/intermediates/external_file_lib_dex_archives/geckoDebug/desugarGeckoDebugFileDependencies'...
Listing './android/app/build/intermediates/external_libs_dex_archive'...
Listing './android/app/build/intermediates/external_libs_dex_archive/debug'...
Listing './android/app/build/intermediates/external_libs_dex_archive/debug/dexBuilderDebug'...
Listing './android/app/build/intermediates/external_libs_dex_archive/debug/dexBuilderDebug/out'...
Listing './android/app/build/intermediates/external_libs_dex_archive/geckoDebug'...
Listing './android/app/build/intermediates/external_libs_dex_archive/geckoDebug/dexBuilderGeckoDebug'...
Listing './android/app/build/intermediates/external_libs_dex_archive/geckoDebug/dexBuilderGeckoDebug/out'...
Listing './android/app/build/intermediates/external_libs_dex_archive_with_artifact_transforms'...
Listing './android/app/build/intermediates/external_libs_dex_archive_with_artifact_transforms/debug'...
Listing './android/app/build/intermediates/external_libs_dex_archive_with_artifact_transforms/debug/dexBuilderDebug'...
Listing './android/app/build/intermediates/external_libs_dex_archive_with_artifact_transforms/debug/dexBuilderDebug/out'...
Listing './android/app/build/intermediates/external_libs_dex_archive_with_artifact_transforms/geckoDebug'...
Listing './android/app/build/intermediates/external_libs_dex_archive_with_artifact_transforms/geckoDebug/dexBuilderGeckoDebug'...
Listing './android/app/build/intermediates/external_libs_dex_archive_with_artifact_transforms/geckoDebug/dexBuilderGeckoDebug/out'...
Listing './android/app/build/intermediates/incremental'...
Listing './android/app/build/intermediates/incremental/debug'...
Listing './android/app/build/intermediates/incremental/debug/mergeDebugResources'...
Listing './android/app/build/intermediates/incremental/debug/mergeDebugResources/merged.dir'...
Listing './android/app/build/intermediates/incremental/debug/mergeDebugResources/merged.dir/values'...
Listing './android/app/build/intermediates/incremental/debug/mergeDebugResources/merged.dir/values-af'...
Listing './android/app/build/intermediates/incremental/debug/mergeDebugResources/merged.dir/values-am'...
Listing './android/app/build/intermediates/incremental/debug/mergeDebugResources/merged.dir/values-ar'...
Listing './android/app/build/intermediates/incremental/debug/mergeDebugResources/merged.dir/values-as'...
Listing './android/app/build/intermediates/incremental/debug/mergeDebugResources/merged.dir/values-az'...
Listing './android/app/build/intermediates/incremental/debug/mergeDebugResources/merged.dir/values-b+sr+Latn'...
Listing './android/app/build/intermediates/incremental/debug/mergeDebugResources/merged.dir/values-be'...
Listing './android/app/build/intermediates/incremental/debug/mergeDebugResources/merged.dir/values-bg'...
Listing './android/app/build/intermediates/incremental/debug/mergeDebugResources/merged.dir/values-bn'...
Listing './android/app/build/intermediates/incremental/debug/mergeDebugResources/merged.dir/values-bs'...
Listing './android/app/build/intermediates/incremental/debug/mergeDebugResources/merged.dir/values-ca'...
Listing './android/app/build/intermediates/incremental/debug/mergeDebugResources/merged.dir/values-cs'...
Listing './android/app/build/intermediates/incremental/debug/mergeDebugResources/merged.dir/values-da'...
Listing './android/app/build/intermediates/incremental/debug/mergeDebugResources/merged.dir/values-de'...
Listing './android/app/build/intermediates/incremental/debug/mergeDebugResources/merged.dir/values-el'...
Listing './android/app/build/intermediates/incremental/debug/mergeDebugResources/merged.dir/values-en-rAU'...
Listing './android/app/build/intermediates/incremental/debug/mergeDebugResources/merged.dir/values-en-rCA'...
Listing './android/app/build/intermediates/incremental/debug/mergeDebugResources/merged.dir/values-en-rGB'...
Listing './android/app/build/intermediates/incremental/debug/mergeDebugResources/merged.dir/values-en-rIN'...
Listing './android/app/build/intermediates/incremental/debug/mergeDebugResources/merged.dir/values-en-rXC'...
Listing './android/app/build/intermediates/incremental/debug/mergeDebugResources/merged.dir/values-es'...
Listing './android/app/build/intermediates/incremental/debug/mergeDebugResources/merged.dir/values-es-rUS'...
Listing './android/app/build/intermediates/incremental/debug/mergeDebugResources/merged.dir/values-et'...
Listing './android/app/build/intermediates/incremental/debug/mergeDebugResources/merged.dir/values-eu'...
Listing './android/app/build/intermediates/incremental/debug/mergeDebugResources/merged.dir/values-fa'...
Listing './android/app/build/intermediates/incremental/debug/mergeDebugResources/merged.dir/values-fi'...
Listing './android/app/build/intermediates/incremental/debug/mergeDebugResources/merged.dir/values-fr'...
Listing './android/app/build/intermediates/incremental/debug/mergeDebugResources/merged.dir/values-fr-rCA'...
Listing './android/app/build/intermediates/incremental/debug/mergeDebugResources/merged.dir/values-gl'...
Listing './android/app/build/intermediates/incremental/debug/mergeDebugResources/merged.dir/values-gu'...
Listing './android/app/build/intermediates/incremental/debug/mergeDebugResources/merged.dir/values-h720dp-v13'...
Listing './android/app/build/intermediates/incremental/debug/mergeDebugResources/merged.dir/values-hdpi-v4'...
Listing './android/app/build/intermediates/incremental/debug/mergeDebugResources/merged.dir/values-hi'...
Listing './android/app/build/intermediates/incremental/debug/mergeDebugResources/merged.dir/values-hr'...
Listing './android/app/build/intermediates/incremental/debug/mergeDebugResources/merged.dir/values-hu'...
Listing './android/app/build/intermediates/incremental/debug/mergeDebugResources/merged.dir/values-hy'...
Listing './android/app/build/intermediates/incremental/debug/mergeDebugResources/merged.dir/values-in'...
Listing './android/app/build/intermediates/incremental/debug/mergeDebugResources/merged.dir/values-is'...
Listing './android/app/build/intermediates/incremental/debug/mergeDebugResources/merged.dir/values-it'...
Listing './android/app/build/intermediates/incremental/debug/mergeDebugResources/merged.dir/values-iw'...
Listing './android/app/build/intermediates/incremental/debug/mergeDebugResources/merged.dir/values-ja'...
Listing './android/app/build/intermediates/incremental/debug/mergeDebugResources/merged.dir/values-ka'...
Listing './android/app/build/intermediates/incremental/debug/mergeDebugResources/merged.dir/values-kk'...
Listing './android/app/build/intermediates/incremental/debug/mergeDebugResources/merged.dir/values-km'...
Listing './android/app/build/intermediates/incremental/debug/mergeDebugResources/merged.dir/values-kn'...
Listing './android/app/build/intermediates/incremental/debug/mergeDebugResources/merged.dir/values-ko'...
Listing './android/app/build/intermediates/incremental/debug/mergeDebugResources/merged.dir/values-ky'...
Listing './android/app/build/intermediates/incremental/debug/mergeDebugResources/merged.dir/values-land'...
Listing './android/app/build/intermediates/incremental/debug/mergeDebugResources/merged.dir/values-large-v4'...
Listing './android/app/build/intermediates/incremental/debug/mergeDebugResources/merged.dir/values-ldltr-v21'...
Listing './android/app/build/intermediates/incremental/debug/mergeDebugResources/merged.dir/values-lo'...
Listing './android/app/build/intermediates/incremental/debug/mergeDebugResources/merged.dir/values-lt'...
Listing './android/app/build/intermediates/incremental/debug/mergeDebugResources/merged.dir/values-lv'...
Listing './android/app/build/intermediates/incremental/debug/mergeDebugResources/merged.dir/values-mk'...
Listing './android/app/build/intermediates/incremental/debug/mergeDebugResources/merged.dir/values-ml'...
Listing './android/app/build/intermediates/incremental/debug/mergeDebugResources/merged.dir/values-mn'...
Listing './android/app/build/intermediates/incremental/debug/mergeDebugResources/merged.dir/values-mr'...
Listing './android/app/build/intermediates/incremental/debug/mergeDebugResources/merged.dir/values-ms'...
Listing './android/app/build/intermediates/incremental/debug/mergeDebugResources/merged.dir/values-my'...
Listing './android/app/build/intermediates/incremental/debug/mergeDebugResources/merged.dir/values-nb'...
Listing './android/app/build/intermediates/incremental/debug/mergeDebugResources/merged.dir/values-ne'...
Listing './android/app/build/intermediates/incremental/debug/mergeDebugResources/merged.dir/values-night-v8'...
Listing './android/app/build/intermediates/incremental/debug/mergeDebugResources/merged.dir/values-nl'...
Listing './android/app/build/intermediates/incremental/debug/mergeDebugResources/merged.dir/values-or'...
Listing './android/app/build/intermediates/incremental/debug/mergeDebugResources/merged.dir/values-pa'...
Listing './android/app/build/intermediates/incremental/debug/mergeDebugResources/merged.dir/values-pl'...
Listing './android/app/build/intermediates/incremental/debug/mergeDebugResources/merged.dir/values-port'...
Listing './android/app/build/intermediates/incremental/debug/mergeDebugResources/merged.dir/values-pt'...
Listing './android/app/build/intermediates/incremental/debug/mergeDebugResources/merged.dir/values-pt-rBR'...
Listing './android/app/build/intermediates/incremental/debug/mergeDebugResources/merged.dir/values-pt-rPT'...
Listing './android/app/build/intermediates/incremental/debug/mergeDebugResources/merged.dir/values-ro'...
Listing './android/app/build/intermediates/incremental/debug/mergeDebugResources/merged.dir/values-ru'...
Listing './android/app/build/intermediates/incremental/debug/mergeDebugResources/merged.dir/values-si'...
Listing './android/app/build/intermediates/incremental/debug/mergeDebugResources/merged.dir/values-sk'...
Listing './android/app/build/intermediates/incremental/debug/mergeDebugResources/merged.dir/values-sl'...
Listing './android/app/build/intermediates/incremental/debug/mergeDebugResources/merged.dir/values-sq'...
Listing './android/app/build/intermediates/incremental/debug/mergeDebugResources/merged.dir/values-sr'...
Listing './android/app/build/intermediates/incremental/debug/mergeDebugResources/merged.dir/values-sv'...
Listing './android/app/build/intermediates/incremental/debug/mergeDebugResources/merged.dir/values-sw'...
Listing './android/app/build/intermediates/incremental/debug/mergeDebugResources/merged.dir/values-sw600dp-v13'...
Listing './android/app/build/intermediates/incremental/debug/mergeDebugResources/merged.dir/values-ta'...
Listing './android/app/build/intermediates/incremental/debug/mergeDebugResources/merged.dir/values-te'...
Listing './android/app/build/intermediates/incremental/debug/mergeDebugResources/merged.dir/values-th'...
Listing './android/app/build/intermediates/incremental/debug/mergeDebugResources/merged.dir/values-tl'...
Listing './android/app/build/intermediates/incremental/debug/mergeDebugResources/merged.dir/values-tr'...
Listing './android/app/build/intermediates/incremental/debug/mergeDebugResources/merged.dir/values-uk'...
Listing './android/app/build/intermediates/incremental/debug/mergeDebugResources/merged.dir/values-ur'...
Listing './android/app/build/intermediates/incremental/debug/mergeDebugResources/merged.dir/values-uz'...
Listing './android/app/build/intermediates/incremental/debug/mergeDebugResources/merged.dir/values-v16'...
Listing './android/app/build/intermediates/incremental/debug/mergeDebugResources/merged.dir/values-v17'...
Listing './android/app/build/intermediates/incremental/debug/mergeDebugResources/merged.dir/values-v18'...
Listing './android/app/build/intermediates/incremental/debug/mergeDebugResources/merged.dir/values-v21'...
Listing './android/app/build/intermediates/incremental/debug/mergeDebugResources/merged.dir/values-v22'...
Listing './android/app/build/intermediates/incremental/debug/mergeDebugResources/merged.dir/values-v23'...
Listing './android/app/build/intermediates/incremental/debug/mergeDebugResources/merged.dir/values-v24'...
Listing './android/app/build/intermediates/incremental/debug/mergeDebugResources/merged.dir/values-v25'...
Listing './android/app/build/intermediates/incremental/debug/mergeDebugResources/merged.dir/values-v26'...
Listing './android/app/build/intermediates/incremental/debug/mergeDebugResources/merged.dir/values-v28'...
Listing './android/app/build/intermediates/incremental/debug/mergeDebugResources/merged.dir/values-vi'...
Listing './android/app/build/intermediates/incremental/debug/mergeDebugResources/merged.dir/values-watch-v20'...
Listing './android/app/build/intermediates/incremental/debug/mergeDebugResources/merged.dir/values-watch-v21'...
Listing './android/app/build/intermediates/incremental/debug/mergeDebugResources/merged.dir/values-xlarge-v4'...
Listing './android/app/build/intermediates/incremental/debug/mergeDebugResources/merged.dir/values-zh-rCN'...
Listing './android/app/build/intermediates/incremental/debug/mergeDebugResources/merged.dir/values-zh-rHK'...
Listing './android/app/build/intermediates/incremental/debug/mergeDebugResources/merged.dir/values-zh-rTW'...
Listing './android/app/build/intermediates/incremental/debug/mergeDebugResources/merged.dir/values-zu'...
Listing './android/app/build/intermediates/incremental/debug/mergeDebugResources/stripped.dir'...
Listing './android/app/build/intermediates/incremental/debug/packageDebugResources'...
Listing './android/app/build/intermediates/incremental/debug/packageDebugResources/merged.dir'...
Listing './android/app/build/intermediates/incremental/debug/packageDebugResources/merged.dir/values'...
Listing './android/app/build/intermediates/incremental/debug/packageDebugResources/stripped.dir'...
Listing './android/app/build/intermediates/incremental/debug-mergeJavaRes'...
Listing './android/app/build/intermediates/incremental/debug-mergeJavaRes/zip-cache'...
Listing './android/app/build/intermediates/incremental/geckoDebug'...
Listing './android/app/build/intermediates/incremental/geckoDebug/mergeGeckoDebugResources'...
Listing './android/app/build/intermediates/incremental/geckoDebug/mergeGeckoDebugResources/merged.dir'...
Listing './android/app/build/intermediates/incremental/geckoDebug/mergeGeckoDebugResources/stripped.dir'...
Listing './android/app/build/intermediates/incremental/geckoDebug/packageGeckoDebugResources'...
Listing './android/app/build/intermediates/incremental/geckoDebug/packageGeckoDebugResources/merged.dir'...
Listing './android/app/build/intermediates/incremental/geckoDebug/packageGeckoDebugResources/stripped.dir'...
Listing './android/app/build/intermediates/incremental/geckoDebug-mergeJavaRes'...
Listing './android/app/build/intermediates/incremental/geckoDebug-mergeJavaRes/zip-cache'...
Listing './android/app/build/intermediates/incremental/mergeDebugAssets'...
Listing './android/app/build/intermediates/incremental/mergeDebugJniLibFolders'...
Listing './android/app/build/intermediates/incremental/mergeDebugShaders'...
Listing './android/app/build/intermediates/incremental/mergeGeckoDebugAssets'...
Listing './android/app/build/intermediates/incremental/mergeGeckoDebugJniLibFolders'...
Listing './android/app/build/intermediates/incremental/mergeGeckoDebugShaders'...
Listing './android/app/build/intermediates/incremental/packageDebug'...
Listing './android/app/build/intermediates/incremental/packageDebug/tmp'...
Listing './android/app/build/intermediates/incremental/packageDebug/tmp/debug'...
Listing './android/app/build/intermediates/incremental/packageDebug/tmp/debug/zip-cache'...
Listing './android/app/build/intermediates/incremental/packageGeckoDebug'...
Listing './android/app/build/intermediates/incremental/packageGeckoDebug/tmp'...
Listing './android/app/build/intermediates/incremental/packageGeckoDebug/tmp/geckoDebug'...
Listing './android/app/build/intermediates/incremental/packageGeckoDebug/tmp/geckoDebug/zip-cache'...
Listing './android/app/build/intermediates/incremental/processGeckoDebugResources'...
Listing './android/app/build/intermediates/java_res'...
Listing './android/app/build/intermediates/java_res/debug'...
Listing './android/app/build/intermediates/java_res/debug/processDebugJavaRes'...
Listing './android/app/build/intermediates/java_res/debug/processDebugJavaRes/out'...
Listing './android/app/build/intermediates/java_res/debug/processDebugJavaRes/out/META-INF'...
Listing './android/app/build/intermediates/java_res/debug/processDebugJavaRes/out/com'...
Listing './android/app/build/intermediates/java_res/debug/processDebugJavaRes/out/com/termux'...
Listing './android/app/build/intermediates/java_res/debug/processDebugJavaRes/out/com/termux/extensions'...
Listing './android/app/build/intermediates/java_res/geckoDebug'...
Listing './android/app/build/intermediates/java_res/geckoDebug/processGeckoDebugJavaRes'...
Listing './android/app/build/intermediates/java_res/geckoDebug/processGeckoDebugJavaRes/out'...
Listing './android/app/build/intermediates/java_res/geckoDebug/processGeckoDebugJavaRes/out/META-INF'...
Listing './android/app/build/intermediates/java_res/geckoDebug/processGeckoDebugJavaRes/out/com'...
Listing './android/app/build/intermediates/java_res/geckoDebug/processGeckoDebugJavaRes/out/com/termux'...
Listing './android/app/build/intermediates/java_res/geckoDebug/processGeckoDebugJavaRes/out/com/termux/extensions'...
Listing './android/app/build/intermediates/local_only_symbol_list'...
Listing './android/app/build/intermediates/local_only_symbol_list/debug'...
Listing './android/app/build/intermediates/local_only_symbol_list/debug/parseDebugLocalResources'...
Listing './android/app/build/intermediates/local_only_symbol_list/geckoDebug'...
Listing './android/app/build/intermediates/local_only_symbol_list/geckoDebug/parseGeckoDebugLocalResources'...
Listing './android/app/build/intermediates/manifest_merge_blame_file'...
Listing './android/app/build/intermediates/manifest_merge_blame_file/debug'...
Listing './android/app/build/intermediates/manifest_merge_blame_file/debug/processDebugMainManifest'...
Listing './android/app/build/intermediates/manifest_merge_blame_file/geckoDebug'...
Listing './android/app/build/intermediates/manifest_merge_blame_file/geckoDebug/processGeckoDebugMainManifest'...
Listing './android/app/build/intermediates/merged_java_res'...
Listing './android/app/build/intermediates/merged_java_res/debug'...
Listing './android/app/build/intermediates/merged_java_res/debug/mergeDebugJavaResource'...
Listing './android/app/build/intermediates/merged_java_res/geckoDebug'...
Listing './android/app/build/intermediates/merged_java_res/geckoDebug/mergeGeckoDebugJavaResource'...
Listing './android/app/build/intermediates/merged_jni_libs'...
Listing './android/app/build/intermediates/merged_jni_libs/debug'...
Listing './android/app/build/intermediates/merged_jni_libs/debug/mergeDebugJniLibFolders'...
Listing './android/app/build/intermediates/merged_jni_libs/debug/mergeDebugJniLibFolders/out'...
Listing './android/app/build/intermediates/merged_jni_libs/geckoDebug'...
Listing './android/app/build/intermediates/merged_jni_libs/geckoDebug/mergeGeckoDebugJniLibFolders'...
Listing './android/app/build/intermediates/merged_jni_libs/geckoDebug/mergeGeckoDebugJniLibFolders/out'...
Listing './android/app/build/intermediates/merged_manifest'...
Listing './android/app/build/intermediates/merged_manifest/debug'...
Listing './android/app/build/intermediates/merged_manifest/debug/processDebugMainManifest'...
Listing './android/app/build/intermediates/merged_manifest/geckoDebug'...
Listing './android/app/build/intermediates/merged_manifest/geckoDebug/processGeckoDebugMainManifest'...
Listing './android/app/build/intermediates/merged_manifests'...
Listing './android/app/build/intermediates/merged_manifests/debug'...
Listing './android/app/build/intermediates/merged_manifests/debug/processDebugManifest'...
Listing './android/app/build/intermediates/merged_manifests/geckoDebug'...
Listing './android/app/build/intermediates/merged_manifests/geckoDebug/processGeckoDebugManifest'...
Listing './android/app/build/intermediates/merged_native_libs'...
Listing './android/app/build/intermediates/merged_native_libs/geckoDebug'...
Listing './android/app/build/intermediates/merged_native_libs/geckoDebug/mergeGeckoDebugNativeLibs'...
Listing './android/app/build/intermediates/merged_native_libs/geckoDebug/mergeGeckoDebugNativeLibs/out'...
Listing './android/app/build/intermediates/merged_native_libs/geckoDebug/mergeGeckoDebugNativeLibs/out/lib'...
Listing './android/app/build/intermediates/merged_native_libs/geckoDebug/mergeGeckoDebugNativeLibs/out/lib/arm64-v8a'...
Listing './android/app/build/intermediates/merged_native_libs/geckoDebug/mergeGeckoDebugNativeLibs/out/lib/armeabi-v7a'...
Listing './android/app/build/intermediates/merged_native_libs/geckoDebug/mergeGeckoDebugNativeLibs/out/lib/x86'...
Listing './android/app/build/intermediates/merged_native_libs/geckoDebug/mergeGeckoDebugNativeLibs/out/lib/x86_64'...
Listing './android/app/build/intermediates/merged_res'...
Listing './android/app/build/intermediates/merged_res/debug'...
Listing './android/app/build/intermediates/merged_res/debug/mergeDebugResources'...
Listing './android/app/build/intermediates/merged_res/geckoDebug'...
Listing './android/app/build/intermediates/merged_res/geckoDebug/mergeGeckoDebugResources'...
Listing './android/app/build/intermediates/merged_res_blame_folder'...
Listing './android/app/build/intermediates/merged_res_blame_folder/debug'...
Listing './android/app/build/intermediates/merged_res_blame_folder/debug/mergeDebugResources'...
Listing './android/app/build/intermediates/merged_res_blame_folder/debug/mergeDebugResources/out'...
Listing './android/app/build/intermediates/merged_res_blame_folder/debug/mergeDebugResources/out/multi-v2'...
Listing './android/app/build/intermediates/merged_res_blame_folder/debug/mergeDebugResources/out/single'...
Listing './android/app/build/intermediates/merged_res_blame_folder/geckoDebug'...
Listing './android/app/build/intermediates/merged_res_blame_folder/geckoDebug/mergeGeckoDebugResources'...
Listing './android/app/build/intermediates/merged_res_blame_folder/geckoDebug/mergeGeckoDebugResources/out'...
Listing './android/app/build/intermediates/merged_res_blame_folder/geckoDebug/mergeGeckoDebugResources/out/multi-v2'...
Listing './android/app/build/intermediates/merged_res_blame_folder/geckoDebug/mergeGeckoDebugResources/out/single'...
Listing './android/app/build/intermediates/merged_shaders'...
Listing './android/app/build/intermediates/merged_shaders/debug'...
Listing './android/app/build/intermediates/merged_shaders/debug/mergeDebugShaders'...
Listing './android/app/build/intermediates/merged_shaders/debug/mergeDebugShaders/out'...
Listing './android/app/build/intermediates/merged_shaders/geckoDebug'...
Listing './android/app/build/intermediates/merged_shaders/geckoDebug/mergeGeckoDebugShaders'...
Listing './android/app/build/intermediates/merged_shaders/geckoDebug/mergeGeckoDebugShaders/out'...
Listing './android/app/build/intermediates/mixed_scope_dex_archive'...
Listing './android/app/build/intermediates/mixed_scope_dex_archive/debug'...
Listing './android/app/build/intermediates/mixed_scope_dex_archive/debug/dexBuilderDebug'...
Listing './android/app/build/intermediates/mixed_scope_dex_archive/debug/dexBuilderDebug/out'...
Listing './android/app/build/intermediates/mixed_scope_dex_archive/geckoDebug'...
Listing './android/app/build/intermediates/mixed_scope_dex_archive/geckoDebug/dexBuilderGeckoDebug'...
Listing './android/app/build/intermediates/mixed_scope_dex_archive/geckoDebug/dexBuilderGeckoDebug/out'...
Listing './android/app/build/intermediates/navigation_json'...
Listing './android/app/build/intermediates/navigation_json/debug'...
Listing './android/app/build/intermediates/navigation_json/debug/extractDeepLinksDebug'...
Listing './android/app/build/intermediates/navigation_json/geckoDebug'...
Listing './android/app/build/intermediates/navigation_json/geckoDebug/extractDeepLinksGeckoDebug'...
Listing './android/app/build/intermediates/nested_resources_validation_report'...
Listing './android/app/build/intermediates/nested_resources_validation_report/debug'...
Listing './android/app/build/intermediates/nested_resources_validation_report/debug/generateDebugResources'...
Listing './android/app/build/intermediates/nested_resources_validation_report/geckoDebug'...
Listing './android/app/build/intermediates/nested_resources_validation_report/geckoDebug/generateGeckoDebugResources'...
Listing './android/app/build/intermediates/packaged_manifests'...
Listing './android/app/build/intermediates/packaged_manifests/debug'...
Listing './android/app/build/intermediates/packaged_manifests/debug/processDebugManifestForPackage'...
Listing './android/app/build/intermediates/packaged_manifests/geckoDebug'...
Listing './android/app/build/intermediates/packaged_manifests/geckoDebug/processGeckoDebugManifestForPackage'...
Listing './android/app/build/intermediates/packaged_res'...
Listing './android/app/build/intermediates/packaged_res/debug'...
Listing './android/app/build/intermediates/packaged_res/debug/packageDebugResources'...
Listing './android/app/build/intermediates/packaged_res/debug/packageDebugResources/layout'...
Listing './android/app/build/intermediates/packaged_res/debug/packageDebugResources/mipmap-xxxhdpi-v4'...
Listing './android/app/build/intermediates/packaged_res/debug/packageDebugResources/values'...
Listing './android/app/build/intermediates/packaged_res/geckoDebug'...
Listing './android/app/build/intermediates/packaged_res/geckoDebug/packageGeckoDebugResources'...
Listing './android/app/build/intermediates/packaged_res/geckoDebug/packageGeckoDebugResources/layout'...
Listing './android/app/build/intermediates/packaged_res/geckoDebug/packageGeckoDebugResources/mipmap-xxxhdpi-v4'...
Listing './android/app/build/intermediates/packaged_res/geckoDebug/packageGeckoDebugResources/values'...
Listing './android/app/build/intermediates/processed_res'...
Listing './android/app/build/intermediates/processed_res/debug'...
Listing './android/app/build/intermediates/processed_res/debug/processDebugResources'...
Listing './android/app/build/intermediates/processed_res/debug/processDebugResources/out'...
Listing './android/app/build/intermediates/processed_res/geckoDebug'...
Listing './android/app/build/intermediates/processed_res/geckoDebug/processGeckoDebugResources'...
Listing './android/app/build/intermediates/processed_res/geckoDebug/processGeckoDebugResources/out'...
Listing './android/app/build/intermediates/project_dex_archive'...
Listing './android/app/build/intermediates/project_dex_archive/debug'...
Listing './android/app/build/intermediates/project_dex_archive/debug/dexBuilderDebug'...
Listing './android/app/build/intermediates/project_dex_archive/debug/dexBuilderDebug/out'...
Listing './android/app/build/intermediates/project_dex_archive/debug/dexBuilderDebug/out/com'...
Listing './android/app/build/intermediates/project_dex_archive/debug/dexBuilderDebug/out/com/termux'...
Listing './android/app/build/intermediates/project_dex_archive/debug/dexBuilderDebug/out/com/termux/extensions'...
Listing './android/app/build/intermediates/project_dex_archive/geckoDebug'...
Listing './android/app/build/intermediates/project_dex_archive/geckoDebug/dexBuilderGeckoDebug'...
Listing './android/app/build/intermediates/project_dex_archive/geckoDebug/dexBuilderGeckoDebug/out'...
Listing './android/app/build/intermediates/project_dex_archive/geckoDebug/dexBuilderGeckoDebug/out/com'...
Listing './android/app/build/intermediates/project_dex_archive/geckoDebug/dexBuilderGeckoDebug/out/com/termux'...
Listing './android/app/build/intermediates/project_dex_archive/geckoDebug/dexBuilderGeckoDebug/out/com/termux/extensions'...
Listing './android/app/build/intermediates/runtime_symbol_list'...
Listing './android/app/build/intermediates/runtime_symbol_list/debug'...
Listing './android/app/build/intermediates/runtime_symbol_list/debug/processDebugResources'...
Listing './android/app/build/intermediates/runtime_symbol_list/geckoDebug'...
Listing './android/app/build/intermediates/runtime_symbol_list/geckoDebug/processGeckoDebugResources'...
Listing './android/app/build/intermediates/signing_config_versions'...
Listing './android/app/build/intermediates/signing_config_versions/debug'...
Listing './android/app/build/intermediates/signing_config_versions/debug/writeDebugSigningConfigVersions'...
Listing './android/app/build/intermediates/signing_config_versions/geckoDebug'...
Listing './android/app/build/intermediates/signing_config_versions/geckoDebug/writeGeckoDebugSigningConfigVersions'...
Listing './android/app/build/intermediates/source_set_path_map'...
Listing './android/app/build/intermediates/source_set_path_map/debug'...
Listing './android/app/build/intermediates/source_set_path_map/debug/mapDebugSourceSetPaths'...
Listing './android/app/build/intermediates/source_set_path_map/geckoDebug'...
Listing './android/app/build/intermediates/source_set_path_map/geckoDebug/mapGeckoDebugSourceSetPaths'...
Listing './android/app/build/intermediates/stable_resource_ids_file'...
Listing './android/app/build/intermediates/stable_resource_ids_file/debug'...
Listing './android/app/build/intermediates/stable_resource_ids_file/debug/processDebugResources'...
Listing './android/app/build/intermediates/stable_resource_ids_file/geckoDebug'...
Listing './android/app/build/intermediates/stable_resource_ids_file/geckoDebug/processGeckoDebugResources'...
Listing './android/app/build/intermediates/stripped_native_libs'...
Listing './android/app/build/intermediates/stripped_native_libs/geckoDebug'...
Listing './android/app/build/intermediates/stripped_native_libs/geckoDebug/stripGeckoDebugDebugSymbols'...
Listing './android/app/build/intermediates/stripped_native_libs/geckoDebug/stripGeckoDebugDebugSymbols/out'...
Listing './android/app/build/intermediates/stripped_native_libs/geckoDebug/stripGeckoDebugDebugSymbols/out/lib'...
Listing './android/app/build/intermediates/stripped_native_libs/geckoDebug/stripGeckoDebugDebugSymbols/out/lib/arm64-v8a'...
Listing './android/app/build/intermediates/stripped_native_libs/geckoDebug/stripGeckoDebugDebugSymbols/out/lib/armeabi-v7a'...
Listing './android/app/build/intermediates/stripped_native_libs/geckoDebug/stripGeckoDebugDebugSymbols/out/lib/x86'...
Listing './android/app/build/intermediates/stripped_native_libs/geckoDebug/stripGeckoDebugDebugSymbols/out/lib/x86_64'...
Listing './android/app/build/intermediates/sub_project_dex_archive'...
Listing './android/app/build/intermediates/sub_project_dex_archive/debug'...
Listing './android/app/build/intermediates/sub_project_dex_archive/debug/dexBuilderDebug'...
Listing './android/app/build/intermediates/sub_project_dex_archive/debug/dexBuilderDebug/out'...
Listing './android/app/build/intermediates/sub_project_dex_archive/geckoDebug'...
Listing './android/app/build/intermediates/sub_project_dex_archive/geckoDebug/dexBuilderGeckoDebug'...
Listing './android/app/build/intermediates/sub_project_dex_archive/geckoDebug/dexBuilderGeckoDebug/out'...
Listing './android/app/build/intermediates/symbol_list_with_package_name'...
Listing './android/app/build/intermediates/symbol_list_with_package_name/debug'...
Listing './android/app/build/intermediates/symbol_list_with_package_name/debug/processDebugResources'...
Listing './android/app/build/intermediates/symbol_list_with_package_name/geckoDebug'...
Listing './android/app/build/intermediates/symbol_list_with_package_name/geckoDebug/processGeckoDebugResources'...
Listing './android/app/build/intermediates/validate_signing_config'...
Listing './android/app/build/intermediates/validate_signing_config/debug'...
Listing './android/app/build/intermediates/validate_signing_config/debug/validateSigningDebug'...
Listing './android/app/build/intermediates/validate_signing_config/geckoDebug'...
Listing './android/app/build/intermediates/validate_signing_config/geckoDebug/validateSigningGeckoDebug'...
Listing './android/app/build/kotlin'...
Listing './android/app/build/kotlin/compileDebugKotlin'...
Listing './android/app/build/kotlin/compileDebugKotlin/cacheable'...
Listing './android/app/build/kotlin/compileDebugKotlin/cacheable/caches-jvm'...
Listing './android/app/build/kotlin/compileDebugKotlin/cacheable/caches-jvm/inputs'...
Listing './android/app/build/kotlin/compileDebugKotlin/cacheable/caches-jvm/jvm'...
Listing './android/app/build/kotlin/compileDebugKotlin/cacheable/caches-jvm/jvm/kotlin'...
Listing './android/app/build/kotlin/compileDebugKotlin/cacheable/caches-jvm/lookups'...
Listing './android/app/build/kotlin/compileDebugKotlin/classpath-snapshot'...
Listing './android/app/build/kotlin/compileDebugKotlin/local-state'...
Listing './android/app/build/kotlin/compileGeckoDebugKotlin'...
Listing './android/app/build/kotlin/compileGeckoDebugKotlin/cacheable'...
Listing './android/app/build/kotlin/compileGeckoDebugKotlin/cacheable/caches-jvm'...
Listing './android/app/build/kotlin/compileGeckoDebugKotlin/cacheable/caches-jvm/inputs'...
Listing './android/app/build/kotlin/compileGeckoDebugKotlin/cacheable/caches-jvm/jvm'...
Listing './android/app/build/kotlin/compileGeckoDebugKotlin/cacheable/caches-jvm/jvm/kotlin'...
Listing './android/app/build/kotlin/compileGeckoDebugKotlin/cacheable/caches-jvm/lookups'...
Listing './android/app/build/kotlin/compileGeckoDebugKotlin/classpath-snapshot'...
Listing './android/app/build/kotlin/compileGeckoDebugKotlin/local-state'...
Listing './android/app/build/outputs'...
Listing './android/app/build/outputs/apk'...
Listing './android/app/build/outputs/apk/debug'...
Listing './android/app/build/outputs/apk/gecko'...
Listing './android/app/build/outputs/apk/gecko/debug'...
Listing './android/app/build/outputs/logs'...
Listing './android/app/build/snapshot'...
Listing './android/app/build/snapshot/kotlin'...
Listing './android/app/build/tmp'...
Listing './android/app/build/tmp/kotlin-classes'...
Listing './android/app/build/tmp/kotlin-classes/debug'...
Listing './android/app/build/tmp/kotlin-classes/debug/META-INF'...
Listing './android/app/build/tmp/kotlin-classes/debug/com'...
Listing './android/app/build/tmp/kotlin-classes/debug/com/termux'...
Listing './android/app/build/tmp/kotlin-classes/debug/com/termux/extensions'...
Listing './android/app/build/tmp/kotlin-classes/geckoDebug'...
Listing './android/app/build/tmp/kotlin-classes/geckoDebug/META-INF'...
Listing './android/app/build/tmp/kotlin-classes/geckoDebug/com'...
Listing './android/app/build/tmp/kotlin-classes/geckoDebug/com/termux'...
Listing './android/app/build/tmp/kotlin-classes/geckoDebug/com/termux/extensions'...
Listing './android/app/src'...
Listing './android/app/src/gecko'...
Listing './android/app/src/gecko/java'...
Listing './android/app/src/gecko/java/com'...
Listing './android/app/src/gecko/java/com/termux'...
Listing './android/app/src/gecko/java/com/termux/extensions'...
Listing './android/app/src/gecko/res'...
Listing './android/app/src/gecko/res/layout'...
Listing './android/app/src/main'...
Listing './android/app/src/main/java'...
Listing './android/app/src/main/java/com'...
Listing './android/app/src/main/java/com/termux'...
Listing './android/app/src/main/java/com/termux/extensions'...
Listing './android/app/src/main/res'...
Listing './android/app/src/main/res/layout'...
Listing './android/app/src/main/res/mipmap-xxxhdpi'...
Listing './android/app/src/main/res/values'...
Listing './android/app/src/webview'...
Listing './android/app/src/webview/java'...
Listing './android/app/src/webview/java/com'...
Listing './android/app/src/webview/java/com/termux'...
Listing './android/app/src/webview/java/com/termux/extensions'...
Listing './android/app/src/webview/res'...
Listing './android/app/src/webview/res/layout'...
Listing './android/build'...
Listing './android/build/reports'...
Listing './android/build/reports/problems'...
Listing './android/gradle'...
Listing './android/gradle/wrapper'...
Listing './app'...
Listing './app/apps'...
Listing './app/apps/archive_manager'...
Compiling './app/apps/archive_manager/backend.py'...
Listing './app/apps/aria_downloader'...
Compiling './app/apps/aria_downloader/main.py'...
Listing './app/apps/file_editor'...
Compiling './app/apps/file_editor/main.py'...
Listing './app/apps/file_editor_cm6'...
Listing './app/apps/file_editor_cm6/explorer'...
Listing './app/apps/file_editor_cm6/ipc_stack'...
Listing './app/apps/file_editor_cm6/nicegui_editor'...
Listing './app/apps/file_editor_cm6/static'...
Listing './app/apps/file_editor_cm6/static/js'...
Listing './app/apps/file_explorer'...
Compiling './app/apps/file_explorer/file_explorer.py'...
Listing './app/apps/settings'...
Listing './app/apps/terminal'...
Compiling './app/apps/terminal/backend.py'...
Listing './app/extensions'...
Listing './app/extensions/apps'...
Listing './app/extensions/network_tools'...
Listing './app/extensions/process_manager'...
Listing './app/extensions/sessions_and_shortcuts'...
Listing './app/extensions/system_stats'...
Listing './app/ipc'...
Compiling './app/ipc/runtime.py'...
Listing './app/libs'...
Listing './app/static'...
Listing './app/static/fonts'...
Listing './app/static/fonts/jetbrains'...
Listing './app/static/fonts/jetbrains/ttf'...
Listing './app/static/fonts/jetbrains/variable'...
Listing './app/static/fonts/jetbrains/webfonts'...
Listing './app/static/js'...
Listing './app/static/vendor'...
Listing './app/static/vendor/.tmp'...
Listing './app/static/vendor/.tmp/nicegui'...
Compiling './app/static/vendor/.tmp/nicegui/__init__.py'...
Compiling './app/static/vendor/.tmp/nicegui/air.py'...
Compiling './app/static/vendor/.tmp/nicegui/api_router.py'...
Listing './app/static/vendor/.tmp/nicegui/app'...
Compiling './app/static/vendor/.tmp/nicegui/app/__init__.py'...
Compiling './app/static/vendor/.tmp/nicegui/app/app.py'...
Compiling './app/static/vendor/.tmp/nicegui/app/app_config.py'...
Compiling './app/static/vendor/.tmp/nicegui/app/range_response.py'...
Compiling './app/static/vendor/.tmp/nicegui/awaitable_response.py'...
Compiling './app/static/vendor/.tmp/nicegui/background_tasks.py'...
Compiling './app/static/vendor/.tmp/nicegui/binding.py'...
Compiling './app/static/vendor/.tmp/nicegui/classes.py'...
Compiling './app/static/vendor/.tmp/nicegui/client.py'...
Compiling './app/static/vendor/.tmp/nicegui/context.py'...
Compiling './app/static/vendor/.tmp/nicegui/core.py'...
Compiling './app/static/vendor/.tmp/nicegui/dataclasses.py'...
Compiling './app/static/vendor/.tmp/nicegui/dependencies.py'...
Compiling './app/static/vendor/.tmp/nicegui/element.py'...
Compiling './app/static/vendor/.tmp/nicegui/element_filter.py'...
Listing './app/static/vendor/.tmp/nicegui/elements'...
Compiling './app/static/vendor/.tmp/nicegui/elements/__init__.py'...
Listing './app/static/vendor/.tmp/nicegui/elements/aggrid'...
Compiling './app/static/vendor/.tmp/nicegui/elements/aggrid/__init__.py'...
Compiling './app/static/vendor/.tmp/nicegui/elements/aggrid/aggrid.py'...
Listing './app/static/vendor/.tmp/nicegui/elements/aggrid/dist'...
Listing './app/static/vendor/.tmp/nicegui/elements/aggrid/src'...
Compiling './app/static/vendor/.tmp/nicegui/elements/audio.py'...
Compiling './app/static/vendor/.tmp/nicegui/elements/avatar.py'...
Compiling './app/static/vendor/.tmp/nicegui/elements/badge.py'...
Compiling './app/static/vendor/.tmp/nicegui/elements/button.py'...
Compiling './app/static/vendor/.tmp/nicegui/elements/button_dropdown.py'...
Compiling './app/static/vendor/.tmp/nicegui/elements/button_group.py'...
Compiling './app/static/vendor/.tmp/nicegui/elements/card.py'...
Compiling './app/static/vendor/.tmp/nicegui/elements/carousel.py'...
Compiling './app/static/vendor/.tmp/nicegui/elements/chat_message.py'...
Compiling './app/static/vendor/.tmp/nicegui/elements/checkbox.py'...
Compiling './app/static/vendor/.tmp/nicegui/elements/chip.py'...
Compiling './app/static/vendor/.tmp/nicegui/elements/choice_element.py'...
Compiling './app/static/vendor/.tmp/nicegui/elements/code.py'...
Listing './app/static/vendor/.tmp/nicegui/elements/codemirror'...
Compiling './app/static/vendor/.tmp/nicegui/elements/codemirror/__init__.py'...
Compiling './app/static/vendor/.tmp/nicegui/elements/codemirror/codemirror.py'...
Listing './app/static/vendor/.tmp/nicegui/elements/codemirror/dist'...
Listing './app/static/vendor/.tmp/nicegui/elements/codemirror/src'...
Compiling './app/static/vendor/.tmp/nicegui/elements/color_input.py'...
Compiling './app/static/vendor/.tmp/nicegui/elements/color_picker.py'...
Compiling './app/static/vendor/.tmp/nicegui/elements/colors.py'...
Compiling './app/static/vendor/.tmp/nicegui/elements/column.py'...
Compiling './app/static/vendor/.tmp/nicegui/elements/context_menu.py'...
Compiling './app/static/vendor/.tmp/nicegui/elements/dark_mode.py'...
Compiling './app/static/vendor/.tmp/nicegui/elements/date.py'...
Compiling './app/static/vendor/.tmp/nicegui/elements/dialog.py'...
Compiling './app/static/vendor/.tmp/nicegui/elements/drawer.py'...
Listing './app/static/vendor/.tmp/nicegui/elements/echart'...
Compiling './app/static/vendor/.tmp/nicegui/elements/echart/__init__.py'...
Listing './app/static/vendor/.tmp/nicegui/elements/echart/dist'...
Compiling './app/static/vendor/.tmp/nicegui/elements/echart/echart.py'...
Listing './app/static/vendor/.tmp/nicegui/elements/echart/src'...
Compiling './app/static/vendor/.tmp/nicegui/elements/editor.py'...
Compiling './app/static/vendor/.tmp/nicegui/elements/expansion.py'...
Compiling './app/static/vendor/.tmp/nicegui/elements/fab.py'...
Compiling './app/static/vendor/.tmp/nicegui/elements/footer.py'...
Compiling './app/static/vendor/.tmp/nicegui/elements/fullscreen.py'...
Compiling './app/static/vendor/.tmp/nicegui/elements/grid.py'...
Compiling './app/static/vendor/.tmp/nicegui/elements/header.py'...
Compiling './app/static/vendor/.tmp/nicegui/elements/highchart.py'...
Compiling './app/static/vendor/.tmp/nicegui/elements/html.py'...
Compiling './app/static/vendor/.tmp/nicegui/elements/icon.py'...
Compiling './app/static/vendor/.tmp/nicegui/elements/image.py'...
Compiling './app/static/vendor/.tmp/nicegui/elements/input.py'...
Compiling './app/static/vendor/.tmp/nicegui/elements/input_chips.py'...
Compiling './app/static/vendor/.tmp/nicegui/elements/interactive_image.py'...
Compiling './app/static/vendor/.tmp/nicegui/elements/item.py'...
Listing './app/static/vendor/.tmp/nicegui/elements/joystick'...
Compiling './app/static/vendor/.tmp/nicegui/elements/joystick/__init__.py'...
Listing './app/static/vendor/.tmp/nicegui/elements/joystick/dist'...
Compiling './app/static/vendor/.tmp/nicegui/elements/joystick/joystick.py'...
Listing './app/static/vendor/.tmp/nicegui/elements/joystick/src'...
Listing './app/static/vendor/.tmp/nicegui/elements/json_editor'...
Compiling './app/static/vendor/.tmp/nicegui/elements/json_editor/__init__.py'...
Listing './app/static/vendor/.tmp/nicegui/elements/json_editor/dist'...
Compiling './app/static/vendor/.tmp/nicegui/elements/json_editor/json_editor.py'...
Listing './app/static/vendor/.tmp/nicegui/elements/json_editor/src'...
Compiling './app/static/vendor/.tmp/nicegui/elements/keyboard.py'...
Compiling './app/static/vendor/.tmp/nicegui/elements/knob.py'...
Compiling './app/static/vendor/.tmp/nicegui/elements/label.py'...
Listing './app/static/vendor/.tmp/nicegui/elements/leaflet'...
Compiling './app/static/vendor/.tmp/nicegui/elements/leaflet/__init__.py'...
Listing './app/static/vendor/.tmp/nicegui/elements/leaflet/dist'...
Listing './app/static/vendor/.tmp/nicegui/elements/leaflet/dist/leaflet'...
Listing './app/static/vendor/.tmp/nicegui/elements/leaflet/dist/leaflet/images'...
Listing './app/static/vendor/.tmp/nicegui/elements/leaflet/dist/leaflet-draw'...
Listing './app/static/vendor/.tmp/nicegui/elements/leaflet/dist/leaflet-draw/images'...
Compiling './app/static/vendor/.tmp/nicegui/elements/leaflet/leaflet.py'...
Compiling './app/static/vendor/.tmp/nicegui/elements/leaflet/leaflet_layer.py'...
Compiling './app/static/vendor/.tmp/nicegui/elements/leaflet/leaflet_layers.py'...
Listing './app/static/vendor/.tmp/nicegui/elements/leaflet/src'...
Compiling './app/static/vendor/.tmp/nicegui/elements/line_plot.py'...
Compiling './app/static/vendor/.tmp/nicegui/elements/link.py'...
Compiling './app/static/vendor/.tmp/nicegui/elements/list.py'...
Compiling './app/static/vendor/.tmp/nicegui/elements/log.py'...
Compiling './app/static/vendor/.tmp/nicegui/elements/markdown.py'...
Compiling './app/static/vendor/.tmp/nicegui/elements/menu.py'...
Listing './app/static/vendor/.tmp/nicegui/elements/mermaid'...
Compiling './app/static/vendor/.tmp/nicegui/elements/mermaid/__init__.py'...
Listing './app/static/vendor/.tmp/nicegui/elements/mermaid/dist'...
Compiling './app/static/vendor/.tmp/nicegui/elements/mermaid/mermaid.py'...
Listing './app/static/vendor/.tmp/nicegui/elements/mermaid/src'...
Listing './app/static/vendor/.tmp/nicegui/elements/mixins'...
Compiling './app/static/vendor/.tmp/nicegui/elements/mixins/__init__.py'...
Compiling './app/static/vendor/.tmp/nicegui/elements/mixins/color_elements.py'...
Compiling './app/static/vendor/.tmp/nicegui/elements/mixins/content_element.py'...
Compiling './app/static/vendor/.tmp/nicegui/elements/mixins/disableable_element.py'...
Compiling './app/static/vendor/.tmp/nicegui/elements/mixins/filter_element.py'...
Compiling './app/static/vendor/.tmp/nicegui/elements/mixins/icon_element.py'...
Compiling './app/static/vendor/.tmp/nicegui/elements/mixins/label_element.py'...
Compiling './app/static/vendor/.tmp/nicegui/elements/mixins/name_element.py'...
Compiling './app/static/vendor/.tmp/nicegui/elements/mixins/selectable_element.py'...
Compiling './app/static/vendor/.tmp/nicegui/elements/mixins/source_element.py'...
Compiling './app/static/vendor/.tmp/nicegui/elements/mixins/text_element.py'...
Compiling './app/static/vendor/.tmp/nicegui/elements/mixins/validation_element.py'...
Compiling './app/static/vendor/.tmp/nicegui/elements/mixins/value_element.py'...
Compiling './app/static/vendor/.tmp/nicegui/elements/mixins/visibility.py'...
Compiling './app/static/vendor/.tmp/nicegui/elements/notification.py'...
Compiling './app/static/vendor/.tmp/nicegui/elements/number.py'...
Compiling './app/static/vendor/.tmp/nicegui/elements/page_sticky.py'...
Compiling './app/static/vendor/.tmp/nicegui/elements/pagination.py'...
Listing './app/static/vendor/.tmp/nicegui/elements/plotly'...
Compiling './app/static/vendor/.tmp/nicegui/elements/plotly/__init__.py'...
Listing './app/static/vendor/.tmp/nicegui/elements/plotly/dist'...
Compiling './app/static/vendor/.tmp/nicegui/elements/plotly/plotly.py'...
Listing './app/static/vendor/.tmp/nicegui/elements/plotly/src'...
Compiling './app/static/vendor/.tmp/nicegui/elements/progress.py'...
Compiling './app/static/vendor/.tmp/nicegui/elements/pyplot.py'...
Compiling './app/static/vendor/.tmp/nicegui/elements/query.py'...
Compiling './app/static/vendor/.tmp/nicegui/elements/radio.py'...
Compiling './app/static/vendor/.tmp/nicegui/elements/range.py'...
Compiling './app/static/vendor/.tmp/nicegui/elements/rating.py'...
Compiling './app/static/vendor/.tmp/nicegui/elements/restructured_text.py'...
Compiling './app/static/vendor/.tmp/nicegui/elements/row.py'...
Listing './app/static/vendor/.tmp/nicegui/elements/scene'...
Compiling './app/static/vendor/.tmp/nicegui/elements/scene/__init__.py'...
Listing './app/static/vendor/.tmp/nicegui/elements/scene/dist'...
Compiling './app/static/vendor/.tmp/nicegui/elements/scene/scene.py'...
Compiling './app/static/vendor/.tmp/nicegui/elements/scene/scene_object3d.py'...
Compiling './app/static/vendor/.tmp/nicegui/elements/scene/scene_objects.py'...
Compiling './app/static/vendor/.tmp/nicegui/elements/scene/scene_view.py'...
Listing './app/static/vendor/.tmp/nicegui/elements/scene/src'...
Compiling './app/static/vendor/.tmp/nicegui/elements/scroll_area.py'...
Compiling './app/static/vendor/.tmp/nicegui/elements/select.py'...
Compiling './app/static/vendor/.tmp/nicegui/elements/separator.py'...
Compiling './app/static/vendor/.tmp/nicegui/elements/skeleton.py'...
Compiling './app/static/vendor/.tmp/nicegui/elements/slide_item.py'...
Compiling './app/static/vendor/.tmp/nicegui/elements/slider.py'...
Compiling './app/static/vendor/.tmp/nicegui/elements/space.py'...
Compiling './app/static/vendor/.tmp/nicegui/elements/spinner.py'...
Compiling './app/static/vendor/.tmp/nicegui/elements/splitter.py'...
Compiling './app/static/vendor/.tmp/nicegui/elements/stepper.py'...
Compiling './app/static/vendor/.tmp/nicegui/elements/sub_pages.py'...
Compiling './app/static/vendor/.tmp/nicegui/elements/switch.py'...
Compiling './app/static/vendor/.tmp/nicegui/elements/table.py'...
Compiling './app/static/vendor/.tmp/nicegui/elements/tabs.py'...
Compiling './app/static/vendor/.tmp/nicegui/elements/teleport.py'...
Compiling './app/static/vendor/.tmp/nicegui/elements/textarea.py'...
Compiling './app/static/vendor/.tmp/nicegui/elements/time.py'...
Compiling './app/static/vendor/.tmp/nicegui/elements/timeline.py'...
Compiling './app/static/vendor/.tmp/nicegui/elements/timer.py'...
Compiling './app/static/vendor/.tmp/nicegui/elements/toggle.py'...
Compiling './app/static/vendor/.tmp/nicegui/elements/tooltip.py'...
Compiling './app/static/vendor/.tmp/nicegui/elements/tree.py'...
Compiling './app/static/vendor/.tmp/nicegui/elements/upload.py'...
Compiling './app/static/vendor/.tmp/nicegui/elements/upload_files.py'...
Compiling './app/static/vendor/.tmp/nicegui/elements/video.py'...
Listing './app/static/vendor/.tmp/nicegui/elements/xterm'...
Compiling './app/static/vendor/.tmp/nicegui/elements/xterm/__init__.py'...
Listing './app/static/vendor/.tmp/nicegui/elements/xterm/dist'...
Listing './app/static/vendor/.tmp/nicegui/elements/xterm/src'...
Compiling './app/static/vendor/.tmp/nicegui/elements/xterm/xterm.py'...
Compiling './app/static/vendor/.tmp/nicegui/error.py'...
Compiling './app/static/vendor/.tmp/nicegui/event.py'...
Compiling './app/static/vendor/.tmp/nicegui/event_listener.py'...
Compiling './app/static/vendor/.tmp/nicegui/events.py'...
Compiling './app/static/vendor/.tmp/nicegui/favicon.py'...
Listing './app/static/vendor/.tmp/nicegui/functions'...
Compiling './app/static/vendor/.tmp/nicegui/functions/__init__.py'...
Compiling './app/static/vendor/.tmp/nicegui/functions/clipboard.py'...
Compiling './app/static/vendor/.tmp/nicegui/functions/download.py'...
Compiling './app/static/vendor/.tmp/nicegui/functions/html.py'...
Compiling './app/static/vendor/.tmp/nicegui/functions/javascript.py'...
Compiling './app/static/vendor/.tmp/nicegui/functions/navigate.py'...
Compiling './app/static/vendor/.tmp/nicegui/functions/notify.py'...
Compiling './app/static/vendor/.tmp/nicegui/functions/on.py'...
Compiling './app/static/vendor/.tmp/nicegui/functions/page_title.py'...
Compiling './app/static/vendor/.tmp/nicegui/functions/refreshable.py'...
Compiling './app/static/vendor/.tmp/nicegui/functions/style.py'...
Compiling './app/static/vendor/.tmp/nicegui/functions/update.py'...
Compiling './app/static/vendor/.tmp/nicegui/helpers.py'...
Compiling './app/static/vendor/.tmp/nicegui/html.py'...
Compiling './app/static/vendor/.tmp/nicegui/javascript_request.py'...
Listing './app/static/vendor/.tmp/nicegui/json'...
Compiling './app/static/vendor/.tmp/nicegui/json/__init__.py'...
Compiling './app/static/vendor/.tmp/nicegui/json/builtin_wrapper.py'...
Compiling './app/static/vendor/.tmp/nicegui/json/orjson_wrapper.py'...
Compiling './app/static/vendor/.tmp/nicegui/language.py'...
Compiling './app/static/vendor/.tmp/nicegui/logging.py'...
Compiling './app/static/vendor/.tmp/nicegui/middlewares.py'...
Listing './app/static/vendor/.tmp/nicegui/native'...
Compiling './app/static/vendor/.tmp/nicegui/native/__init__.py'...
Compiling './app/static/vendor/.tmp/nicegui/native/native.py'...
Compiling './app/static/vendor/.tmp/nicegui/native/native_config.py'...
Compiling './app/static/vendor/.tmp/nicegui/native/native_mode.py'...
Compiling './app/static/vendor/.tmp/nicegui/nicegui.py'...
Compiling './app/static/vendor/.tmp/nicegui/observables.py'...
Compiling './app/static/vendor/.tmp/nicegui/optional_features.py'...
Compiling './app/static/vendor/.tmp/nicegui/outbox.py'...
Compiling './app/static/vendor/.tmp/nicegui/page.py'...
Compiling './app/static/vendor/.tmp/nicegui/page_arguments.py'...
Listing './app/static/vendor/.tmp/nicegui/persistence'...
Compiling './app/static/vendor/.tmp/nicegui/persistence/__init__.py'...
Compiling './app/static/vendor/.tmp/nicegui/persistence/file_persistent_dict.py'...
Compiling './app/static/vendor/.tmp/nicegui/persistence/persistent_dict.py'...
Compiling './app/static/vendor/.tmp/nicegui/persistence/peudo_persistent_dict.py'...
Compiling './app/static/vendor/.tmp/nicegui/persistence/read_only_dict.py'...
Compiling './app/static/vendor/.tmp/nicegui/persistence/redis_persistent_dict.py'...
Compiling './app/static/vendor/.tmp/nicegui/props.py'...
Compiling './app/static/vendor/.tmp/nicegui/run.py'...
Listing './app/static/vendor/.tmp/nicegui/scripts'...
Compiling './app/static/vendor/.tmp/nicegui/scripts/pack.py'...
Compiling './app/static/vendor/.tmp/nicegui/server.py'...
Compiling './app/static/vendor/.tmp/nicegui/slot.py'...
Listing './app/static/vendor/.tmp/nicegui/static'...
Listing './app/static/vendor/.tmp/nicegui/static/fonts'...
Listing './app/static/vendor/.tmp/nicegui/static/lang'...
Listing './app/static/vendor/.tmp/nicegui/static/utils'...
Compiling './app/static/vendor/.tmp/nicegui/staticfiles.py'...
Compiling './app/static/vendor/.tmp/nicegui/storage.py'...
Compiling './app/static/vendor/.tmp/nicegui/style.py'...
Compiling './app/static/vendor/.tmp/nicegui/sub_pages_router.py'...
Listing './app/static/vendor/.tmp/nicegui/templates'...
Listing './app/static/vendor/.tmp/nicegui/testing'...
Compiling './app/static/vendor/.tmp/nicegui/testing/__init__.py'...
Compiling './app/static/vendor/.tmp/nicegui/testing/general_fixtures.py'...
Compiling './app/static/vendor/.tmp/nicegui/testing/plugin.py'...
Compiling './app/static/vendor/.tmp/nicegui/testing/screen.py'...
Compiling './app/static/vendor/.tmp/nicegui/testing/screen_plugin.py'...
Compiling './app/static/vendor/.tmp/nicegui/testing/user.py'...
Compiling './app/static/vendor/.tmp/nicegui/testing/user_download.py'...
Compiling './app/static/vendor/.tmp/nicegui/testing/user_interaction.py'...
Compiling './app/static/vendor/.tmp/nicegui/testing/user_navigate.py'...
Compiling './app/static/vendor/.tmp/nicegui/testing/user_notify.py'...
Compiling './app/static/vendor/.tmp/nicegui/testing/user_plugin.py'...
Compiling './app/static/vendor/.tmp/nicegui/timer.py'...
Compiling './app/static/vendor/.tmp/nicegui/translations.py'...
Compiling './app/static/vendor/.tmp/nicegui/ui.py'...
Compiling './app/static/vendor/.tmp/nicegui/ui_run.py'...
Compiling './app/static/vendor/.tmp/nicegui/ui_run_with.py'...
Compiling './app/static/vendor/.tmp/nicegui/vbuild.py'...
Compiling './app/static/vendor/.tmp/nicegui/version.py'...
Compiling './app/static/vendor/.tmp/nicegui/welcome.py'...
Listing './app/static/vendor/.tmp/nicegui-3.2.0.dist-info'...
Listing './app/static/vendor/.tmp/nicegui-3.2.0.dist-info/licenses'...
Listing './app/static/vendor/@marijn'...
Listing './app/static/vendor/@marijn/find-cluster-break'...
Listing './app/static/vendor/@marijn/find-cluster-break/dist'...
Listing './app/static/vendor/bin'...
Listing './app/static/vendor/codemirror'...
Listing './app/static/vendor/codemirror/@codemirror'...
Listing './app/static/vendor/codemirror/@codemirror/commands'...
Listing './app/static/vendor/codemirror/@codemirror/commands/dist'...
Listing './app/static/vendor/codemirror/@codemirror/lang-css'...
Listing './app/static/vendor/codemirror/@codemirror/lang-css/dist'...
Listing './app/static/vendor/codemirror/@codemirror/lang-html'...
Listing './app/static/vendor/codemirror/@codemirror/lang-html/dist'...
Listing './app/static/vendor/codemirror/@codemirror/lang-javascript'...
Listing './app/static/vendor/codemirror/@codemirror/lang-javascript/dist'...
Listing './app/static/vendor/codemirror/@codemirror/lang-json'...
Listing './app/static/vendor/codemirror/@codemirror/lang-json/dist'...
Listing './app/static/vendor/codemirror/@codemirror/lang-markdown'...
Listing './app/static/vendor/codemirror/@codemirror/lang-markdown/dist'...
Listing './app/static/vendor/codemirror/@codemirror/lang-python'...
Listing './app/static/vendor/codemirror/@codemirror/lang-python/dist'...
Listing './app/static/vendor/codemirror/@codemirror/lang-shell'...
Listing './app/static/vendor/codemirror/@codemirror/lang-shell/dist'...
Listing './app/static/vendor/codemirror/@codemirror/lang-shell/language'...
Listing './app/static/vendor/codemirror/@codemirror/lang-shell/language/dist'...
Listing './app/static/vendor/codemirror/@codemirror/lang-shell/legacy-modes'...
Listing './app/static/vendor/codemirror/@codemirror/lang-shell/legacy-modes/mode'...
Listing './app/static/vendor/codemirror/@codemirror/lang-xml'...
Listing './app/static/vendor/codemirror/@codemirror/lang-xml/dist'...
Listing './app/static/vendor/codemirror/@codemirror/language'...
Listing './app/static/vendor/codemirror/@codemirror/language/dist'...
Listing './app/static/vendor/codemirror/@codemirror/legacy-modes'...
Listing './app/static/vendor/codemirror/@codemirror/legacy-modes/.github'...
Listing './app/static/vendor/codemirror/@codemirror/legacy-modes/.github/workflows'...
Listing './app/static/vendor/codemirror/@codemirror/legacy-modes/mode'...
Listing './app/static/vendor/codemirror/@codemirror/search'...
Listing './app/static/vendor/codemirror/@codemirror/search/dist'...
Listing './app/static/vendor/codemirror/@codemirror/state'...
Listing './app/static/vendor/codemirror/@codemirror/state/dist'...
Listing './app/static/vendor/codemirror/@codemirror/view'...
Listing './app/static/vendor/codemirror/@codemirror/view/dist'...
Listing './app/static/vendor/codemirror/@marijn'...
Listing './app/static/vendor/codemirror/@marijn/find-cluster-break'...
Listing './app/static/vendor/codemirror/@marijn/find-cluster-break/dist'...
Listing './app/static/vendor/codemirror.1'...
Listing './app/static/vendor/codemirror.2'...
Listing './app/static/vendor/codemirror.3'...
Listing './app/static/vendor/es-module-shims'...
Listing './app/static/vendor/es-module-shims/dist'...
Listing './app/static/vendor/nicegui'...
Listing './app/static/vendor/nicegui/app'...
Listing './app/static/vendor/nicegui/elements'...
Listing './app/static/vendor/nicegui/elements/aggrid'...
Listing './app/static/vendor/nicegui/elements/aggrid/dist'...
Listing './app/static/vendor/nicegui/elements/aggrid/src'...
Listing './app/static/vendor/nicegui/elements/codemirror'...
Listing './app/static/vendor/nicegui/elements/codemirror/dist'...
Listing './app/static/vendor/nicegui/elements/codemirror/node_modules'...
Listing './app/static/vendor/nicegui/elements/codemirror/node_modules/.bin'...
Listing './app/static/vendor/nicegui/elements/codemirror/node_modules/@babel'...
Listing './app/static/vendor/nicegui/elements/codemirror/node_modules/@babel/runtime'...
Listing './app/static/vendor/nicegui/elements/codemirror/node_modules/@babel/runtime/helpers'...
Listing './app/static/vendor/nicegui/elements/codemirror/node_modules/@babel/runtime/helpers/esm'...
Listing './app/static/vendor/nicegui/elements/codemirror/node_modules/@babel/runtime/regenerator'...
Listing './app/static/vendor/nicegui/elements/codemirror/node_modules/@codemirror'...
Listing './app/static/vendor/nicegui/elements/codemirror/node_modules/@codemirror/autocomplete'...
Listing './app/static/vendor/nicegui/elements/codemirror/node_modules/@codemirror/autocomplete/.github'...
Listing './app/static/vendor/nicegui/elements/codemirror/node_modules/@codemirror/autocomplete/.github/workflows'...
Listing './app/static/vendor/nicegui/elements/codemirror/node_modules/@codemirror/autocomplete/dist'...
Listing './app/static/vendor/nicegui/elements/codemirror/node_modules/@codemirror/commands'...
Listing './app/static/vendor/nicegui/elements/codemirror/node_modules/@codemirror/commands/.github'...
Listing './app/static/vendor/nicegui/elements/codemirror/node_modules/@codemirror/commands/.github/workflows'...
Listing './app/static/vendor/nicegui/elements/codemirror/node_modules/@codemirror/commands/dist'...
Listing './app/static/vendor/nicegui/elements/codemirror/node_modules/@codemirror/lang-angular'...
Listing './app/static/vendor/nicegui/elements/codemirror/node_modules/@codemirror/lang-angular/dist'...
Listing './app/static/vendor/nicegui/elements/codemirror/node_modules/@codemirror/lang-cpp'...
Listing './app/static/vendor/nicegui/elements/codemirror/node_modules/@codemirror/lang-cpp/.github'...
Listing './app/static/vendor/nicegui/elements/codemirror/node_modules/@codemirror/lang-cpp/.github/workflows'...
Listing './app/static/vendor/nicegui/elements/codemirror/node_modules/@codemirror/lang-cpp/dist'...
Listing './app/static/vendor/nicegui/elements/codemirror/node_modules/@codemirror/lang-css'...
Listing './app/static/vendor/nicegui/elements/codemirror/node_modules/@codemirror/lang-css/.github'...
Listing './app/static/vendor/nicegui/elements/codemirror/node_modules/@codemirror/lang-css/.github/workflows'...
Listing './app/static/vendor/nicegui/elements/codemirror/node_modules/@codemirror/lang-css/dist'...
Listing './app/static/vendor/nicegui/elements/codemirror/node_modules/@codemirror/lang-go'...
Listing './app/static/vendor/nicegui/elements/codemirror/node_modules/@codemirror/lang-go/.github'...
Listing './app/static/vendor/nicegui/elements/codemirror/node_modules/@codemirror/lang-go/.github/workflows'...
Listing './app/static/vendor/nicegui/elements/codemirror/node_modules/@codemirror/lang-go/dist'...
Listing './app/static/vendor/nicegui/elements/codemirror/node_modules/@codemirror/lang-html'...
Listing './app/static/vendor/nicegui/elements/codemirror/node_modules/@codemirror/lang-html/.github'...
Listing './app/static/vendor/nicegui/elements/codemirror/node_modules/@codemirror/lang-html/.github/workflows'...
Listing './app/static/vendor/nicegui/elements/codemirror/node_modules/@codemirror/lang-html/dist'...
Listing './app/static/vendor/nicegui/elements/codemirror/node_modules/@codemirror/lang-java'...
Listing './app/static/vendor/nicegui/elements/codemirror/node_modules/@codemirror/lang-java/.github'...
Listing './app/static/vendor/nicegui/elements/codemirror/node_modules/@codemirror/lang-java/.github/workflows'...
Listing './app/static/vendor/nicegui/elements/codemirror/node_modules/@codemirror/lang-java/dist'...
Listing './app/static/vendor/nicegui/elements/codemirror/node_modules/@codemirror/lang-javascript'...
Listing './app/static/vendor/nicegui/elements/codemirror/node_modules/@codemirror/lang-javascript/.github'...
Listing './app/static/vendor/nicegui/elements/codemirror/node_modules/@codemirror/lang-javascript/.github/workflows'...
Listing './app/static/vendor/nicegui/elements/codemirror/node_modules/@codemirror/lang-javascript/dist'...
Listing './app/static/vendor/nicegui/elements/codemirror/node_modules/@codemirror/lang-json'...
Listing './app/static/vendor/nicegui/elements/codemirror/node_modules/@codemirror/lang-json/.github'...
Listing './app/static/vendor/nicegui/elements/codemirror/node_modules/@codemirror/lang-json/.github/workflows'...
Listing './app/static/vendor/nicegui/elements/codemirror/node_modules/@codemirror/lang-json/dist'...
Listing './app/static/vendor/nicegui/elements/codemirror/node_modules/@codemirror/lang-less'...
Listing './app/static/vendor/nicegui/elements/codemirror/node_modules/@codemirror/lang-less/.github'...
Listing './app/static/vendor/nicegui/elements/codemirror/node_modules/@codemirror/lang-less/.github/workflows'...
Listing './app/static/vendor/nicegui/elements/codemirror/node_modules/@codemirror/lang-less/dist'...
Listing './app/static/vendor/nicegui/elements/codemirror/node_modules/@codemirror/lang-liquid'...
Listing './app/static/vendor/nicegui/elements/codemirror/node_modules/@codemirror/lang-liquid/dist'...
Listing './app/static/vendor/nicegui/elements/codemirror/node_modules/@codemirror/lang-markdown'...
Listing './app/static/vendor/nicegui/elements/codemirror/node_modules/@codemirror/lang-markdown/.github'...
Listing './app/static/vendor/nicegui/elements/codemirror/node_modules/@codemirror/lang-markdown/.github/workflows'...
Listing './app/static/vendor/nicegui/elements/codemirror/node_modules/@codemirror/lang-markdown/dist'...
Listing './app/static/vendor/nicegui/elements/codemirror/node_modules/@codemirror/lang-php'...
Listing './app/static/vendor/nicegui/elements/codemirror/node_modules/@codemirror/lang-php/dist'...
Listing './app/static/vendor/nicegui/elements/codemirror/node_modules/@codemirror/lang-python'...
Listing './app/static/vendor/nicegui/elements/codemirror/node_modules/@codemirror/lang-python/.github'...
Listing './app/static/vendor/nicegui/elements/codemirror/node_modules/@codemirror/lang-python/.github/workflows'...
Listing './app/static/vendor/nicegui/elements/codemirror/node_modules/@codemirror/lang-python/dist'...
Listing './app/static/vendor/nicegui/elements/codemirror/node_modules/@codemirror/lang-rust'...
Listing './app/static/vendor/nicegui/elements/codemirror/node_modules/@codemirror/lang-rust/.github'...
Listing './app/static/vendor/nicegui/elements/codemirror/node_modules/@codemirror/lang-rust/.github/workflows'...
Listing './app/static/vendor/nicegui/elements/codemirror/node_modules/@codemirror/lang-rust/dist'...
Listing './app/static/vendor/nicegui/elements/codemirror/node_modules/@codemirror/lang-sass'...
Listing './app/static/vendor/nicegui/elements/codemirror/node_modules/@codemirror/lang-sass/.github'...
Listing './app/static/vendor/nicegui/elements/codemirror/node_modules/@codemirror/lang-sass/.github/workflows'...
Listing './app/static/vendor/nicegui/elements/codemirror/node_modules/@codemirror/lang-sass/dist'...
Listing './app/static/vendor/nicegui/elements/codemirror/node_modules/@codemirror/lang-sql'...
Listing './app/static/vendor/nicegui/elements/codemirror/node_modules/@codemirror/lang-sql/.github'...
Listing './app/static/vendor/nicegui/elements/codemirror/node_modules/@codemirror/lang-sql/.github/workflows'...
Listing './app/static/vendor/nicegui/elements/codemirror/node_modules/@codemirror/lang-sql/dist'...
Listing './app/static/vendor/nicegui/elements/codemirror/node_modules/@codemirror/lang-vue'...
Listing './app/static/vendor/nicegui/elements/codemirror/node_modules/@codemirror/lang-vue/dist'...
Listing './app/static/vendor/nicegui/elements/codemirror/node_modules/@codemirror/lang-wast'...
Listing './app/static/vendor/nicegui/elements/codemirror/node_modules/@codemirror/lang-wast/.github'...
Listing './app/static/vendor/nicegui/elements/codemirror/node_modules/@codemirror/lang-wast/.github/workflows'...
Listing './app/static/vendor/nicegui/elements/codemirror/node_modules/@codemirror/lang-wast/dist'...
Listing './app/static/vendor/nicegui/elements/codemirror/node_modules/@codemirror/lang-xml'...
Listing './app/static/vendor/nicegui/elements/codemirror/node_modules/@codemirror/lang-xml/.github'...
Listing './app/static/vendor/nicegui/elements/codemirror/node_modules/@codemirror/lang-xml/.github/workflows'...
Listing './app/static/vendor/nicegui/elements/codemirror/node_modules/@codemirror/lang-xml/dist'...
Listing './app/static/vendor/nicegui/elements/codemirror/node_modules/@codemirror/lang-yaml'...
Listing './app/static/vendor/nicegui/elements/codemirror/node_modules/@codemirror/lang-yaml/.github'...
Listing './app/static/vendor/nicegui/elements/codemirror/node_modules/@codemirror/lang-yaml/.github/workflows'...
Listing './app/static/vendor/nicegui/elements/codemirror/node_modules/@codemirror/lang-yaml/dist'...
Listing './app/static/vendor/nicegui/elements/codemirror/node_modules/@codemirror/language'...
Listing './app/static/vendor/nicegui/elements/codemirror/node_modules/@codemirror/language/.github'...
Listing './app/static/vendor/nicegui/elements/codemirror/node_modules/@codemirror/language/.github/workflows'...
Listing './app/static/vendor/nicegui/elements/codemirror/node_modules/@codemirror/language/dist'...
Listing './app/static/vendor/nicegui/elements/codemirror/node_modules/@codemirror/language-data'...
Listing './app/static/vendor/nicegui/elements/codemirror/node_modules/@codemirror/language-data/.github'...
Listing './app/static/vendor/nicegui/elements/codemirror/node_modules/@codemirror/language-data/.github/workflows'...
Listing './app/static/vendor/nicegui/elements/codemirror/node_modules/@codemirror/language-data/dist'...
Listing './app/static/vendor/nicegui/elements/codemirror/node_modules/@codemirror/legacy-modes'...
Listing './app/static/vendor/nicegui/elements/codemirror/node_modules/@codemirror/legacy-modes/.github'...
Listing './app/static/vendor/nicegui/elements/codemirror/node_modules/@codemirror/legacy-modes/.github/workflows'...
Listing './app/static/vendor/nicegui/elements/codemirror/node_modules/@codemirror/legacy-modes/mode'...
Listing './app/static/vendor/nicegui/elements/codemirror/node_modules/@codemirror/lint'...
Listing './app/static/vendor/nicegui/elements/codemirror/node_modules/@codemirror/lint/.github'...
Listing './app/static/vendor/nicegui/elements/codemirror/node_modules/@codemirror/lint/.github/workflows'...
Listing './app/static/vendor/nicegui/elements/codemirror/node_modules/@codemirror/lint/dist'...
Listing './app/static/vendor/nicegui/elements/codemirror/node_modules/@codemirror/search'...
Listing './app/static/vendor/nicegui/elements/codemirror/node_modules/@codemirror/search/.github'...
Listing './app/static/vendor/nicegui/elements/codemirror/node_modules/@codemirror/search/.github/workflows'...
Listing './app/static/vendor/nicegui/elements/codemirror/node_modules/@codemirror/search/dist'...
Listing './app/static/vendor/nicegui/elements/codemirror/node_modules/@codemirror/state'...
Listing './app/static/vendor/nicegui/elements/codemirror/node_modules/@codemirror/state/.github'...
Listing './app/static/vendor/nicegui/elements/codemirror/node_modules/@codemirror/state/.github/workflows'...
Listing './app/static/vendor/nicegui/elements/codemirror/node_modules/@codemirror/state/dist'...
Listing './app/static/vendor/nicegui/elements/codemirror/node_modules/@codemirror/theme-one-dark'...
Listing './app/static/vendor/nicegui/elements/codemirror/node_modules/@codemirror/theme-one-dark/.github'...
Listing './app/static/vendor/nicegui/elements/codemirror/node_modules/@codemirror/theme-one-dark/.github/workflows'...
Listing './app/static/vendor/nicegui/elements/codemirror/node_modules/@codemirror/theme-one-dark/dist'...
Listing './app/static/vendor/nicegui/elements/codemirror/node_modules/@codemirror/view'...
Listing './app/static/vendor/nicegui/elements/codemirror/node_modules/@codemirror/view/.github'...
Listing './app/static/vendor/nicegui/elements/codemirror/node_modules/@codemirror/view/.github/workflows'...
Listing './app/static/vendor/nicegui/elements/codemirror/node_modules/@codemirror/view/dist'...
Listing './app/static/vendor/nicegui/elements/codemirror/node_modules/@isaacs'...
Listing './app/static/vendor/nicegui/elements/codemirror/node_modules/@isaacs/balanced-match'...
Listing './app/static/vendor/nicegui/elements/codemirror/node_modules/@isaacs/balanced-match/dist'...
Listing './app/static/vendor/nicegui/elements/codemirror/node_modules/@isaacs/balanced-match/dist/commonjs'...
Listing './app/static/vendor/nicegui/elements/codemirror/node_modules/@isaacs/balanced-match/dist/esm'...
Listing './app/static/vendor/nicegui/elements/codemirror/node_modules/@isaacs/brace-expansion'...
Listing './app/static/vendor/nicegui/elements/codemirror/node_modules/@isaacs/brace-expansion/dist'...
Listing './app/static/vendor/nicegui/elements/codemirror/node_modules/@isaacs/brace-expansion/dist/commonjs'...
Listing './app/static/vendor/nicegui/elements/codemirror/node_modules/@isaacs/brace-expansion/dist/esm'...
Listing './app/static/vendor/nicegui/elements/codemirror/node_modules/@isaacs/cliui'...
Listing './app/static/vendor/nicegui/elements/codemirror/node_modules/@isaacs/cliui/build'...
Listing './app/static/vendor/nicegui/elements/codemirror/node_modules/@isaacs/cliui/build/lib'...
Listing './app/static/vendor/nicegui/elements/codemirror/node_modules/@jridgewell'...
Listing './app/static/vendor/nicegui/elements/codemirror/node_modules/@jridgewell/gen-mapping'...
Listing './app/static/vendor/nicegui/elements/codemirror/node_modules/@jridgewell/gen-mapping/dist'...
Listing './app/static/vendor/nicegui/elements/codemirror/node_modules/@jridgewell/gen-mapping/src'...
Listing './app/static/vendor/nicegui/elements/codemirror/node_modules/@jridgewell/gen-mapping/types'...
Listing './app/static/vendor/nicegui/elements/codemirror/node_modules/@jridgewell/resolve-uri'...
Listing './app/static/vendor/nicegui/elements/codemirror/node_modules/@jridgewell/resolve-uri/dist'...
Listing './app/static/vendor/nicegui/elements/codemirror/node_modules/@jridgewell/resolve-uri/dist/types'...
Listing './app/static/vendor/nicegui/elements/codemirror/node_modules/@jridgewell/source-map'...
Listing './app/static/vendor/nicegui/elements/codemirror/node_modules/@jridgewell/source-map/dist'...
Listing './app/static/vendor/nicegui/elements/codemirror/node_modules/@jridgewell/source-map/src'...
Listing './app/static/vendor/nicegui/elements/codemirror/node_modules/@jridgewell/source-map/types'...
Listing './app/static/vendor/nicegui/elements/codemirror/node_modules/@jridgewell/sourcemap-codec'...
Listing './app/static/vendor/nicegui/elements/codemirror/node_modules/@jridgewell/sourcemap-codec/dist'...
Listing './app/static/vendor/nicegui/elements/codemirror/node_modules/@jridgewell/sourcemap-codec/src'...
Listing './app/static/vendor/nicegui/elements/codemirror/node_modules/@jridgewell/sourcemap-codec/types'...
Listing './app/static/vendor/nicegui/elements/codemirror/node_modules/@jridgewell/trace-mapping'...
Listing './app/static/vendor/nicegui/elements/codemirror/node_modules/@jridgewell/trace-mapping/dist'...
Listing './app/static/vendor/nicegui/elements/codemirror/node_modules/@jridgewell/trace-mapping/src'...
Listing './app/static/vendor/nicegui/elements/codemirror/node_modules/@jridgewell/trace-mapping/types'...
Listing './app/static/vendor/nicegui/elements/codemirror/node_modules/@lezer'...
Listing './app/static/vendor/nicegui/elements/codemirror/node_modules/@lezer/common'...
Listing './app/static/vendor/nicegui/elements/codemirror/node_modules/@lezer/common/dist'...
Listing './app/static/vendor/nicegui/elements/codemirror/node_modules/@lezer/cpp'...
Listing './app/static/vendor/nicegui/elements/codemirror/node_modules/@lezer/cpp/dist'...
Listing './app/static/vendor/nicegui/elements/codemirror/node_modules/@lezer/cpp/src'...
Listing './app/static/vendor/nicegui/elements/codemirror/node_modules/@lezer/cpp/test'...
Listing './app/static/vendor/nicegui/elements/codemirror/node_modules/@lezer/css'...
Listing './app/static/vendor/nicegui/elements/codemirror/node_modules/@lezer/css/dist'...
Listing './app/static/vendor/nicegui/elements/codemirror/node_modules/@lezer/css/src'...
Listing './app/static/vendor/nicegui/elements/codemirror/node_modules/@lezer/css/test'...
Listing './app/static/vendor/nicegui/elements/codemirror/node_modules/@lezer/go'...
Listing './app/static/vendor/nicegui/elements/codemirror/node_modules/@lezer/go/dist'...
Listing './app/static/vendor/nicegui/elements/codemirror/node_modules/@lezer/go/src'...
Listing './app/static/vendor/nicegui/elements/codemirror/node_modules/@lezer/go/test'...
Listing './app/static/vendor/nicegui/elements/codemirror/node_modules/@lezer/highlight'...
Listing './app/static/vendor/nicegui/elements/codemirror/node_modules/@lezer/highlight/dist'...
Listing './app/static/vendor/nicegui/elements/codemirror/node_modules/@lezer/html'...
Listing './app/static/vendor/nicegui/elements/codemirror/node_modules/@lezer/html/dist'...
Listing './app/static/vendor/nicegui/elements/codemirror/node_modules/@lezer/html/src'...
Listing './app/static/vendor/nicegui/elements/codemirror/node_modules/@lezer/html/test'...
Listing './app/static/vendor/nicegui/elements/codemirror/node_modules/@lezer/java'...
Listing './app/static/vendor/nicegui/elements/codemirror/node_modules/@lezer/java/dist'...
Listing './app/static/vendor/nicegui/elements/codemirror/node_modules/@lezer/java/src'...
Listing './app/static/vendor/nicegui/elements/codemirror/node_modules/@lezer/java/test'...
Listing './app/static/vendor/nicegui/elements/codemirror/node_modules/@lezer/javascript'...
Listing './app/static/vendor/nicegui/elements/codemirror/node_modules/@lezer/javascript/dist'...
Listing './app/static/vendor/nicegui/elements/codemirror/node_modules/@lezer/javascript/src'...
Listing './app/static/vendor/nicegui/elements/codemirror/node_modules/@lezer/javascript/test'...
Listing './app/static/vendor/nicegui/elements/codemirror/node_modules/@lezer/json'...
Listing './app/static/vendor/nicegui/elements/codemirror/node_modules/@lezer/json/dist'...
Listing './app/static/vendor/nicegui/elements/codemirror/node_modules/@lezer/json/src'...
Listing './app/static/vendor/nicegui/elements/codemirror/node_modules/@lezer/json/test'...
Listing './app/static/vendor/nicegui/elements/codemirror/node_modules/@lezer/lr'...
Listing './app/static/vendor/nicegui/elements/codemirror/node_modules/@lezer/lr/dist'...
Listing './app/static/vendor/nicegui/elements/codemirror/node_modules/@lezer/markdown'...
Listing './app/static/vendor/nicegui/elements/codemirror/node_modules/@lezer/markdown/bin'...
Listing './app/static/vendor/nicegui/elements/codemirror/node_modules/@lezer/markdown/dist'...
Listing './app/static/vendor/nicegui/elements/codemirror/node_modules/@lezer/markdown/src'...
Listing './app/static/vendor/nicegui/elements/codemirror/node_modules/@lezer/markdown/test'...
Listing './app/static/vendor/nicegui/elements/codemirror/node_modules/@lezer/php'...
Listing './app/static/vendor/nicegui/elements/codemirror/node_modules/@lezer/php/dist'...
Listing './app/static/vendor/nicegui/elements/codemirror/node_modules/@lezer/php/src'...
Listing './app/static/vendor/nicegui/elements/codemirror/node_modules/@lezer/php/test'...
Listing './app/static/vendor/nicegui/elements/codemirror/node_modules/@lezer/python'...
Listing './app/static/vendor/nicegui/elements/codemirror/node_modules/@lezer/python/dist'...
Listing './app/static/vendor/nicegui/elements/codemirror/node_modules/@lezer/python/src'...
Listing './app/static/vendor/nicegui/elements/codemirror/node_modules/@lezer/python/test'...
Listing './app/static/vendor/nicegui/elements/codemirror/node_modules/@lezer/rust'...
Listing './app/static/vendor/nicegui/elements/codemirror/node_modules/@lezer/rust/dist'...
Listing './app/static/vendor/nicegui/elements/codemirror/node_modules/@lezer/rust/src'...
Listing './app/static/vendor/nicegui/elements/codemirror/node_modules/@lezer/rust/test'...
Listing './app/static/vendor/nicegui/elements/codemirror/node_modules/@lezer/sass'...
Listing './app/static/vendor/nicegui/elements/codemirror/node_modules/@lezer/sass/dist'...
Listing './app/static/vendor/nicegui/elements/codemirror/node_modules/@lezer/sass/src'...
Listing './app/static/vendor/nicegui/elements/codemirror/node_modules/@lezer/sass/test'...
Listing './app/static/vendor/nicegui/elements/codemirror/node_modules/@lezer/xml'...
Listing './app/static/vendor/nicegui/elements/codemirror/node_modules/@lezer/xml/dist'...
Listing './app/static/vendor/nicegui/elements/codemirror/node_modules/@lezer/xml/src'...
Listing './app/static/vendor/nicegui/elements/codemirror/node_modules/@lezer/xml/test'...
Listing './app/static/vendor/nicegui/elements/codemirror/node_modules/@lezer/yaml'...
Listing './app/static/vendor/nicegui/elements/codemirror/node_modules/@lezer/yaml/dist'...
Listing './app/static/vendor/nicegui/elements/codemirror/node_modules/@lezer/yaml/src'...
Listing './app/static/vendor/nicegui/elements/codemirror/node_modules/@lezer/yaml/test'...
Listing './app/static/vendor/nicegui/elements/codemirror/node_modules/@marijn'...
Listing './app/static/vendor/nicegui/elements/codemirror/node_modules/@marijn/find-cluster-break'...
Listing './app/static/vendor/nicegui/elements/codemirror/node_modules/@marijn/find-cluster-break/dist'...
Listing './app/static/vendor/nicegui/elements/codemirror/node_modules/@marijn/find-cluster-break/src'...
Listing './app/static/vendor/nicegui/elements/codemirror/node_modules/@marijn/find-cluster-break/test'...
Listing './app/static/vendor/nicegui/elements/codemirror/node_modules/@replit'...
Listing './app/static/vendor/nicegui/elements/codemirror/node_modules/@replit/codemirror-indentation-markers'...
Listing './app/static/vendor/nicegui/elements/codemirror/node_modules/@replit/codemirror-indentation-markers/dev'...
Listing './app/static/vendor/nicegui/elements/codemirror/node_modules/@replit/codemirror-indentation-markers/dist'...
Listing './app/static/vendor/nicegui/elements/codemirror/node_modules/@replit/codemirror-indentation-markers/public'...
Listing './app/static/vendor/nicegui/elements/codemirror/node_modules/@replit/codemirror-indentation-markers/src'...
Listing './app/static/vendor/nicegui/elements/codemirror/node_modules/@replit/codemirror-minimap'...
Listing './app/static/vendor/nicegui/elements/codemirror/node_modules/@replit/codemirror-minimap/dist'...
Listing './app/static/vendor/nicegui/elements/codemirror/node_modules/@rollup'...
Listing './app/static/vendor/nicegui/elements/codemirror/node_modules/@rollup/plugin-node-resolve'...
Listing './app/static/vendor/nicegui/elements/codemirror/node_modules/@rollup/plugin-node-resolve/dist'...
Listing './app/static/vendor/nicegui/elements/codemirror/node_modules/@rollup/plugin-node-resolve/dist/cjs'...
Listing './app/static/vendor/nicegui/elements/codemirror/node_modules/@rollup/plugin-node-resolve/dist/es'...
Listing './app/static/vendor/nicegui/elements/codemirror/node_modules/@rollup/plugin-node-resolve/types'...
Listing './app/static/vendor/nicegui/elements/codemirror/node_modules/@rollup/plugin-terser'...
Listing './app/static/vendor/nicegui/elements/codemirror/node_modules/@rollup/plugin-terser/dist'...
Listing './app/static/vendor/nicegui/elements/codemirror/node_modules/@rollup/plugin-terser/dist/cjs'...
Listing './app/static/vendor/nicegui/elements/codemirror/node_modules/@rollup/plugin-terser/dist/es'...
Listing './app/static/vendor/nicegui/elements/codemirror/node_modules/@rollup/plugin-terser/src'...
Listing './app/static/vendor/nicegui/elements/codemirror/node_modules/@rollup/plugin-terser/types'...
Listing './app/static/vendor/nicegui/elements/codemirror/node_modules/@rollup/pluginutils'...
Listing './app/static/vendor/nicegui/elements/codemirror/node_modules/@rollup/pluginutils/dist'...
Listing './app/static/vendor/nicegui/elements/codemirror/node_modules/@rollup/pluginutils/dist/cjs'...
Listing './app/static/vendor/nicegui/elements/codemirror/node_modules/@rollup/pluginutils/dist/es'...
Listing './app/static/vendor/nicegui/elements/codemirror/node_modules/@rollup/pluginutils/types'...
Listing './app/static/vendor/nicegui/elements/codemirror/node_modules/@rollup/rollup-android-arm64'...
Listing './app/static/vendor/nicegui/elements/codemirror/node_modules/@types'...
Listing './app/static/vendor/nicegui/elements/codemirror/node_modules/@types/estree'...
Listing './app/static/vendor/nicegui/elements/codemirror/node_modules/@types/resolve'...
Listing './app/static/vendor/nicegui/elements/codemirror/node_modules/@uiw'...
Listing './app/static/vendor/nicegui/elements/codemirror/node_modules/@uiw/codemirror-extensions-color'...
Listing './app/static/vendor/nicegui/elements/codemirror/node_modules/@uiw/codemirror-extensions-color/cjs'...
Listing './app/static/vendor/nicegui/elements/codemirror/node_modules/@uiw/codemirror-extensions-color/esm'...
Listing './app/static/vendor/nicegui/elements/codemirror/node_modules/@uiw/codemirror-extensions-color/src'...
Listing './app/static/vendor/nicegui/elements/codemirror/node_modules/@uiw/codemirror-extensions-events'...
Listing './app/static/vendor/nicegui/elements/codemirror/node_modules/@uiw/codemirror-extensions-events/cjs'...
Listing './app/static/vendor/nicegui/elements/codemirror/node_modules/@uiw/codemirror-extensions-events/esm'...
Listing './app/static/vendor/nicegui/elements/codemirror/node_modules/@uiw/codemirror-extensions-events/src'...
Listing './app/static/vendor/nicegui/elements/codemirror/node_modules/@uiw/codemirror-theme-abcdef'...
Listing './app/static/vendor/nicegui/elements/codemirror/node_modules/@uiw/codemirror-theme-abcdef/cjs'...
Listing './app/static/vendor/nicegui/elements/codemirror/node_modules/@uiw/codemirror-theme-abcdef/esm'...
Listing './app/static/vendor/nicegui/elements/codemirror/node_modules/@uiw/codemirror-theme-abcdef/src'...
Listing './app/static/vendor/nicegui/elements/codemirror/node_modules/@uiw/codemirror-theme-abyss'...
Listing './app/static/vendor/nicegui/elements/codemirror/node_modules/@uiw/codemirror-theme-abyss/cjs'...
Listing './app/static/vendor/nicegui/elements/codemirror/node_modules/@uiw/codemirror-theme-abyss/esm'...
Listing './app/static/vendor/nicegui/elements/codemirror/node_modules/@uiw/codemirror-theme-abyss/src'...
Listing './app/static/vendor/nicegui/elements/codemirror/node_modules/@uiw/codemirror-theme-androidstudio'...
Listing './app/static/vendor/nicegui/elements/codemirror/node_modules/@uiw/codemirror-theme-androidstudio/cjs'...
Listing './app/static/vendor/nicegui/elements/codemirror/node_modules/@uiw/codemirror-theme-androidstudio/esm'...
Listing './app/static/vendor/nicegui/elements/codemirror/node_modules/@uiw/codemirror-theme-androidstudio/src'...
Listing './app/static/vendor/nicegui/elements/codemirror/node_modules/@uiw/codemirror-theme-andromeda'...
Listing './app/static/vendor/nicegui/elements/codemirror/node_modules/@uiw/codemirror-theme-andromeda/cjs'...
Listing './app/static/vendor/nicegui/elements/codemirror/node_modules/@uiw/codemirror-theme-andromeda/esm'...
Listing './app/static/vendor/nicegui/elements/codemirror/node_modules/@uiw/codemirror-theme-andromeda/src'...
Listing './app/static/vendor/nicegui/elements/codemirror/node_modules/@uiw/codemirror-theme-atomone'...
Listing './app/static/vendor/nicegui/elements/codemirror/node_modules/@uiw/codemirror-theme-atomone/cjs'...
Listing './app/static/vendor/nicegui/elements/codemirror/node_modules/@uiw/codemirror-theme-atomone/esm'...
Listing './app/static/vendor/nicegui/elements/codemirror/node_modules/@uiw/codemirror-theme-atomone/src'...
Listing './app/static/vendor/nicegui/elements/codemirror/node_modules/@uiw/codemirror-theme-aura'...
Listing './app/static/vendor/nicegui/elements/codemirror/node_modules/@uiw/codemirror-theme-aura/cjs'...
Listing './app/static/vendor/nicegui/elements/codemirror/node_modules/@uiw/codemirror-theme-aura/esm'...
Listing './app/static/vendor/nicegui/elements/codemirror/node_modules/@uiw/codemirror-theme-aura/src'...
Listing './app/static/vendor/nicegui/elements/codemirror/node_modules/@uiw/codemirror-theme-basic'...
Listing './app/static/vendor/nicegui/elements/codemirror/node_modules/@uiw/codemirror-theme-basic/cjs'...
Listing './app/static/vendor/nicegui/elements/codemirror/node_modules/@uiw/codemirror-theme-basic/esm'...
Listing './app/static/vendor/nicegui/elements/codemirror/node_modules/@uiw/codemirror-theme-basic/src'...
Listing './app/static/vendor/nicegui/elements/codemirror/node_modules/@uiw/codemirror-theme-bbedit'...
Listing './app/static/vendor/nicegui/elements/codemirror/node_modules/@uiw/codemirror-theme-bbedit/cjs'...
Listing './app/static/vendor/nicegui/elements/codemirror/node_modules/@uiw/codemirror-theme-bbedit/esm'...
Listing './app/static/vendor/nicegui/elements/codemirror/node_modules/@uiw/codemirror-theme-bbedit/src'...
Listing './app/static/vendor/nicegui/elements/codemirror/node_modules/@uiw/codemirror-theme-bespin'...
Listing './app/static/vendor/nicegui/elements/codemirror/node_modules/@uiw/codemirror-theme-bespin/cjs'...
Listing './app/static/vendor/nicegui/elements/codemirror/node_modules/@uiw/codemirror-theme-bespin/esm'...
Listing './app/static/vendor/nicegui/elements/codemirror/node_modules/@uiw/codemirror-theme-bespin/src'...
Listing './app/static/vendor/nicegui/elements/codemirror/node_modules/@uiw/codemirror-theme-console'...
Listing './app/static/vendor/nicegui/elements/codemirror/node_modules/@uiw/codemirror-theme-console/cjs'...
Listing './app/static/vendor/nicegui/elements/codemirror/node_modules/@uiw/codemirror-theme-console/esm'...
Listing './app/static/vendor/nicegui/elements/codemirror/node_modules/@uiw/codemirror-theme-console/src'...
Listing './app/static/vendor/nicegui/elements/codemirror/node_modules/@uiw/codemirror-theme-copilot'...
Listing './app/static/vendor/nicegui/elements/codemirror/node_modules/@uiw/codemirror-theme-copilot/cjs'...
Listing './app/static/vendor/nicegui/elements/codemirror/node_modules/@uiw/codemirror-theme-copilot/esm'...
Listing './app/static/vendor/nicegui/elements/codemirror/node_modules/@uiw/codemirror-theme-copilot/src'...
Listing './app/static/vendor/nicegui/elements/codemirror/node_modules/@uiw/codemirror-theme-darcula'...
Listing './app/static/vendor/nicegui/elements/codemirror/node_modules/@uiw/codemirror-theme-darcula/cjs'...
Listing './app/static/vendor/nicegui/elements/codemirror/node_modules/@uiw/codemirror-theme-darcula/esm'...
Listing './app/static/vendor/nicegui/elements/codemirror/node_modules/@uiw/codemirror-theme-darcula/src'...
Listing './app/static/vendor/nicegui/elements/codemirror/node_modules/@uiw/codemirror-theme-dracula'...
Listing './app/static/vendor/nicegui/elements/codemirror/node_modules/@uiw/codemirror-theme-dracula/cjs'...
Listing './app/static/vendor/nicegui/elements/codemirror/node_modules/@uiw/codemirror-theme-dracula/esm'...
Listing './app/static/vendor/nicegui/elements/codemirror/node_modules/@uiw/codemirror-theme-dracula/src'...
Listing './app/static/vendor/nicegui/elements/codemirror/node_modules/@uiw/codemirror-theme-duotone'...
Listing './app/static/vendor/nicegui/elements/codemirror/node_modules/@uiw/codemirror-theme-duotone/cjs'...
Listing './app/static/vendor/nicegui/elements/codemirror/node_modules/@uiw/codemirror-theme-duotone/esm'...
Listing './app/static/vendor/nicegui/elements/codemirror/node_modules/@uiw/codemirror-theme-duotone/src'...
Listing './app/static/vendor/nicegui/elements/codemirror/node_modules/@uiw/codemirror-theme-eclipse'...
Listing './app/static/vendor/nicegui/elements/codemirror/node_modules/@uiw/codemirror-theme-eclipse/cjs'...
Listing './app/static/vendor/nicegui/elements/codemirror/node_modules/@uiw/codemirror-theme-eclipse/esm'...
Listing './app/static/vendor/nicegui/elements/codemirror/node_modules/@uiw/codemirror-theme-eclipse/src'...
Listing './app/static/vendor/nicegui/elements/codemirror/node_modules/@uiw/codemirror-theme-github'...
Listing './app/static/vendor/nicegui/elements/codemirror/node_modules/@uiw/codemirror-theme-github/cjs'...
Listing './app/static/vendor/nicegui/elements/codemirror/node_modules/@uiw/codemirror-theme-github/esm'...
Listing './app/static/vendor/nicegui/elements/codemirror/node_modules/@uiw/codemirror-theme-github/src'...
Listing './app/static/vendor/nicegui/elements/codemirror/node_modules/@uiw/codemirror-theme-gruvbox-dark'...
Listing './app/static/vendor/nicegui/elements/codemirror/node_modules/@uiw/codemirror-theme-gruvbox-dark/cjs'...
Listing './app/static/vendor/nicegui/elements/codemirror/node_modules/@uiw/codemirror-theme-gruvbox-dark/esm'...
Listing './app/static/vendor/nicegui/elements/codemirror/node_modules/@uiw/codemirror-theme-gruvbox-dark/src'...
Listing './app/static/vendor/nicegui/elements/codemirror/node_modules/@uiw/codemirror-theme-kimbie'...
Listing './app/static/vendor/nicegui/elements/codemirror/node_modules/@uiw/codemirror-theme-kimbie/cjs'...
Listing './app/static/vendor/nicegui/elements/codemirror/node_modules/@uiw/codemirror-theme-kimbie/esm'...
Listing './app/static/vendor/nicegui/elements/codemirror/node_modules/@uiw/codemirror-theme-kimbie/src'...
Listing './app/static/vendor/nicegui/elements/codemirror/node_modules/@uiw/codemirror-theme-material'...
Listing './app/static/vendor/nicegui/elements/codemirror/node_modules/@uiw/codemirror-theme-material/cjs'...
Listing './app/static/vendor/nicegui/elements/codemirror/node_modules/@uiw/codemirror-theme-material/esm'...
Listing './app/static/vendor/nicegui/elements/codemirror/node_modules/@uiw/codemirror-theme-material/src'...
Listing './app/static/vendor/nicegui/elements/codemirror/node_modules/@uiw/codemirror-theme-monokai'...
Listing './app/static/vendor/nicegui/elements/codemirror/node_modules/@uiw/codemirror-theme-monokai/cjs'...
Listing './app/static/vendor/nicegui/elements/codemirror/node_modules/@uiw/codemirror-theme-monokai/esm'...
Listing './app/static/vendor/nicegui/elements/codemirror/node_modules/@uiw/codemirror-theme-monokai/src'...
Listing './app/static/vendor/nicegui/elements/codemirror/node_modules/@uiw/codemirror-theme-monokai-dimmed'...
Listing './app/static/vendor/nicegui/elements/codemirror/node_modules/@uiw/codemirror-theme-monokai-dimmed/cjs'...
Listing './app/static/vendor/nicegui/elements/codemirror/node_modules/@uiw/codemirror-theme-monokai-dimmed/esm'...
Listing './app/static/vendor/nicegui/elements/codemirror/node_modules/@uiw/codemirror-theme-monokai-dimmed/src'...
Listing './app/static/vendor/nicegui/elements/codemirror/node_modules/@uiw/codemirror-theme-noctis-lilac'...
Listing './app/static/vendor/nicegui/elements/codemirror/node_modules/@uiw/codemirror-theme-noctis-lilac/cjs'...
Listing './app/static/vendor/nicegui/elements/codemirror/node_modules/@uiw/codemirror-theme-noctis-lilac/esm'...
Listing './app/static/vendor/nicegui/elements/codemirror/node_modules/@uiw/codemirror-theme-noctis-lilac/src'...
Listing './app/static/vendor/nicegui/elements/codemirror/node_modules/@uiw/codemirror-theme-nord'...
Listing './app/static/vendor/nicegui/elements/codemirror/node_modules/@uiw/codemirror-theme-nord/cjs'...
Listing './app/static/vendor/nicegui/elements/codemirror/node_modules/@uiw/codemirror-theme-nord/esm'...
Listing './app/static/vendor/nicegui/elements/codemirror/node_modules/@uiw/codemirror-theme-nord/src'...
Listing './app/static/vendor/nicegui/elements/codemirror/node_modules/@uiw/codemirror-theme-okaidia'...
Listing './app/static/vendor/nicegui/elements/codemirror/node_modules/@uiw/codemirror-theme-okaidia/cjs'...
Listing './app/static/vendor/nicegui/elements/codemirror/node_modules/@uiw/codemirror-theme-okaidia/esm'...
Listing './app/static/vendor/nicegui/elements/codemirror/node_modules/@uiw/codemirror-theme-okaidia/src'...
Listing './app/static/vendor/nicegui/elements/codemirror/node_modules/@uiw/codemirror-theme-quietlight'...
Listing './app/static/vendor/nicegui/elements/codemirror/node_modules/@uiw/codemirror-theme-quietlight/cjs'...
Listing './app/static/vendor/nicegui/elements/codemirror/node_modules/@uiw/codemirror-theme-quietlight/esm'...
Listing './app/static/vendor/nicegui/elements/codemirror/node_modules/@uiw/codemirror-theme-quietlight/src'...
Listing './app/static/vendor/nicegui/elements/codemirror/node_modules/@uiw/codemirror-theme-red'...
Listing './app/static/vendor/nicegui/elements/codemirror/node_modules/@uiw/codemirror-theme-red/cjs'...
Listing './app/static/vendor/nicegui/elements/codemirror/node_modules/@uiw/codemirror-theme-red/esm'...
Listing './app/static/vendor/nicegui/elements/codemirror/node_modules/@uiw/codemirror-theme-red/src'...
Listing './app/static/vendor/nicegui/elements/codemirror/node_modules/@uiw/codemirror-theme-solarized'...
Listing './app/static/vendor/nicegui/elements/codemirror/node_modules/@uiw/codemirror-theme-solarized/cjs'...
Listing './app/static/vendor/nicegui/elements/codemirror/node_modules/@uiw/codemirror-theme-solarized/esm'...
Listing './app/static/vendor/nicegui/elements/codemirror/node_modules/@uiw/codemirror-theme-solarized/src'...
Listing './app/static/vendor/nicegui/elements/codemirror/node_modules/@uiw/codemirror-theme-sublime'...
Listing './app/static/vendor/nicegui/elements/codemirror/node_modules/@uiw/codemirror-theme-sublime/cjs'...
Listing './app/static/vendor/nicegui/elements/codemirror/node_modules/@uiw/codemirror-theme-sublime/esm'...
Listing './app/static/vendor/nicegui/elements/codemirror/node_modules/@uiw/codemirror-theme-sublime/src'...
Listing './app/static/vendor/nicegui/elements/codemirror/node_modules/@uiw/codemirror-theme-tokyo-night'...
Listing './app/static/vendor/nicegui/elements/codemirror/node_modules/@uiw/codemirror-theme-tokyo-night/cjs'...
Listing './app/static/vendor/nicegui/elements/codemirror/node_modules/@uiw/codemirror-theme-tokyo-night/esm'...
Listing './app/static/vendor/nicegui/elements/codemirror/node_modules/@uiw/codemirror-theme-tokyo-night/src'...
Listing './app/static/vendor/nicegui/elements/codemirror/node_modules/@uiw/codemirror-theme-tokyo-night-day'...
Listing './app/static/vendor/nicegui/elements/codemirror/node_modules/@uiw/codemirror-theme-tokyo-night-day/cjs'...
Listing './app/static/vendor/nicegui/elements/codemirror/node_modules/@uiw/codemirror-theme-tokyo-night-day/esm'...
Listing './app/static/vendor/nicegui/elements/codemirror/node_modules/@uiw/codemirror-theme-tokyo-night-day/src'...
Listing './app/static/vendor/nicegui/elements/codemirror/node_modules/@uiw/codemirror-theme-tokyo-night-storm'...
Listing './app/static/vendor/nicegui/elements/codemirror/node_modules/@uiw/codemirror-theme-tokyo-night-storm/cjs'...
Listing './app/static/vendor/nicegui/elements/codemirror/node_modules/@uiw/codemirror-theme-tokyo-night-storm/esm'...
Listing './app/static/vendor/nicegui/elements/codemirror/node_modules/@uiw/codemirror-theme-tokyo-night-storm/src'...
Listing './app/static/vendor/nicegui/elements/codemirror/node_modules/@uiw/codemirror-theme-tomorrow-night-blue'...
Listing './app/static/vendor/nicegui/elements/codemirror/node_modules/@uiw/codemirror-theme-tomorrow-night-blue/cjs'...
Listing './app/static/vendor/nicegui/elements/codemirror/node_modules/@uiw/codemirror-theme-tomorrow-night-blue/esm'...
Listing './app/static/vendor/nicegui/elements/codemirror/node_modules/@uiw/codemirror-theme-tomorrow-night-blue/src'...
Listing './app/static/vendor/nicegui/elements/codemirror/node_modules/@uiw/codemirror-theme-vscode'...
Listing './app/static/vendor/nicegui/elements/codemirror/node_modules/@uiw/codemirror-theme-vscode/cjs'...
Listing './app/static/vendor/nicegui/elements/codemirror/node_modules/@uiw/codemirror-theme-vscode/esm'...
Listing './app/static/vendor/nicegui/elements/codemirror/node_modules/@uiw/codemirror-theme-vscode/src'...
Listing './app/static/vendor/nicegui/elements/codemirror/node_modules/@uiw/codemirror-theme-white'...
Listing './app/static/vendor/nicegui/elements/codemirror/node_modules/@uiw/codemirror-theme-white/cjs'...
Listing './app/static/vendor/nicegui/elements/codemirror/node_modules/@uiw/codemirror-theme-white/esm'...
Listing './app/static/vendor/nicegui/elements/codemirror/node_modules/@uiw/codemirror-theme-white/src'...
Listing './app/static/vendor/nicegui/elements/codemirror/node_modules/@uiw/codemirror-theme-xcode'...
Listing './app/static/vendor/nicegui/elements/codemirror/node_modules/@uiw/codemirror-theme-xcode/cjs'...
Listing './app/static/vendor/nicegui/elements/codemirror/node_modules/@uiw/codemirror-theme-xcode/esm'...
Listing './app/static/vendor/nicegui/elements/codemirror/node_modules/@uiw/codemirror-theme-xcode/src'...
Listing './app/static/vendor/nicegui/elements/codemirror/node_modules/@uiw/codemirror-themes'...
Listing './app/static/vendor/nicegui/elements/codemirror/node_modules/@uiw/codemirror-themes/cjs'...
Listing './app/static/vendor/nicegui/elements/codemirror/node_modules/@uiw/codemirror-themes/esm'...
Listing './app/static/vendor/nicegui/elements/codemirror/node_modules/@uiw/codemirror-themes/src'...
Listing './app/static/vendor/nicegui/elements/codemirror/node_modules/@uiw/codemirror-themes-all'...
Listing './app/static/vendor/nicegui/elements/codemirror/node_modules/@uiw/codemirror-themes-all/cjs'...
Listing './app/static/vendor/nicegui/elements/codemirror/node_modules/@uiw/codemirror-themes-all/esm'...
Listing './app/static/vendor/nicegui/elements/codemirror/node_modules/@uiw/codemirror-themes-all/src'...
Listing './app/static/vendor/nicegui/elements/codemirror/node_modules/acorn'...
Listing './app/static/vendor/nicegui/elements/codemirror/node_modules/acorn/bin'...
Listing './app/static/vendor/nicegui/elements/codemirror/node_modules/acorn/dist'...
Listing './app/static/vendor/nicegui/elements/codemirror/node_modules/ansi-regex'...
Listing './app/static/vendor/nicegui/elements/codemirror/node_modules/ansi-styles'...
Listing './app/static/vendor/nicegui/elements/codemirror/node_modules/buffer-from'...
Listing './app/static/vendor/nicegui/elements/codemirror/node_modules/codemirror'...
Listing './app/static/vendor/nicegui/elements/codemirror/node_modules/codemirror/.github'...
Listing './app/static/vendor/nicegui/elements/codemirror/node_modules/codemirror/.github/workflows'...
Listing './app/static/vendor/nicegui/elements/codemirror/node_modules/codemirror/dist'...
Listing './app/static/vendor/nicegui/elements/codemirror/node_modules/color-convert'...
Listing './app/static/vendor/nicegui/elements/codemirror/node_modules/color-name'...
Listing './app/static/vendor/nicegui/elements/codemirror/node_modules/colors-named'...
Listing './app/static/vendor/nicegui/elements/codemirror/node_modules/colors-named/lib'...
Listing './app/static/vendor/nicegui/elements/codemirror/node_modules/colors-named/src'...
Listing './app/static/vendor/nicegui/elements/codemirror/node_modules/colors-named-hex'...
Listing './app/static/vendor/nicegui/elements/codemirror/node_modules/colors-named-hex/lib'...
Listing './app/static/vendor/nicegui/elements/codemirror/node_modules/colors-named-hex/src'...
Listing './app/static/vendor/nicegui/elements/codemirror/node_modules/commander'...
Listing './app/static/vendor/nicegui/elements/codemirror/node_modules/commander/typings'...
Listing './app/static/vendor/nicegui/elements/codemirror/node_modules/crelt'...
Listing './app/static/vendor/nicegui/elements/codemirror/node_modules/crelt/dist'...
Listing './app/static/vendor/nicegui/elements/codemirror/node_modules/cross-spawn'...
Listing './app/static/vendor/nicegui/elements/codemirror/node_modules/cross-spawn/lib'...
Listing './app/static/vendor/nicegui/elements/codemirror/node_modules/cross-spawn/lib/util'...
Listing './app/static/vendor/nicegui/elements/codemirror/node_modules/deepmerge'...
Listing './app/static/vendor/nicegui/elements/codemirror/node_modules/deepmerge/dist'...
Listing './app/static/vendor/nicegui/elements/codemirror/node_modules/eastasianwidth'...
Listing './app/static/vendor/nicegui/elements/codemirror/node_modules/emoji-regex'...
Listing './app/static/vendor/nicegui/elements/codemirror/node_modules/emoji-regex/es2015'...
Listing './app/static/vendor/nicegui/elements/codemirror/node_modules/estree-walker'...
Listing './app/static/vendor/nicegui/elements/codemirror/node_modules/estree-walker/dist'...
Listing './app/static/vendor/nicegui/elements/codemirror/node_modules/estree-walker/dist/esm'...
Listing './app/static/vendor/nicegui/elements/codemirror/node_modules/estree-walker/dist/umd'...
Listing './app/static/vendor/nicegui/elements/codemirror/node_modules/estree-walker/src'...
Listing './app/static/vendor/nicegui/elements/codemirror/node_modules/estree-walker/types'...
Listing './app/static/vendor/nicegui/elements/codemirror/node_modules/foreground-child'...
Listing './app/static/vendor/nicegui/elements/codemirror/node_modules/foreground-child/dist'...
Listing './app/static/vendor/nicegui/elements/codemirror/node_modules/foreground-child/dist/commonjs'...
Listing './app/static/vendor/nicegui/elements/codemirror/node_modules/foreground-child/dist/esm'...
Listing './app/static/vendor/nicegui/elements/codemirror/node_modules/function-bind'...
Listing './app/static/vendor/nicegui/elements/codemirror/node_modules/function-bind/.github'...
Listing './app/static/vendor/nicegui/elements/codemirror/node_modules/function-bind/test'...
Listing './app/static/vendor/nicegui/elements/codemirror/node_modules/glob'...
Listing './app/static/vendor/nicegui/elements/codemirror/node_modules/glob/dist'...
Listing './app/static/vendor/nicegui/elements/codemirror/node_modules/glob/dist/commonjs'...
Listing './app/static/vendor/nicegui/elements/codemirror/node_modules/glob/dist/esm'...
Listing './app/static/vendor/nicegui/elements/codemirror/node_modules/hasown'...
Listing './app/static/vendor/nicegui/elements/codemirror/node_modules/hasown/.github'...
Listing './app/static/vendor/nicegui/elements/codemirror/node_modules/hsl-matcher'...
Listing './app/static/vendor/nicegui/elements/codemirror/node_modules/hsl-matcher/lib'...
Listing './app/static/vendor/nicegui/elements/codemirror/node_modules/hsl-matcher/src'...
Listing './app/static/vendor/nicegui/elements/codemirror/node_modules/is-core-module'...
Listing './app/static/vendor/nicegui/elements/codemirror/node_modules/is-core-module/test'...
Listing './app/static/vendor/nicegui/elements/codemirror/node_modules/is-fullwidth-code-point'...
Listing './app/static/vendor/nicegui/elements/codemirror/node_modules/is-module'...
Listing './app/static/vendor/nicegui/elements/codemirror/node_modules/isexe'...
Listing './app/static/vendor/nicegui/elements/codemirror/node_modules/isexe/test'...
Listing './app/static/vendor/nicegui/elements/codemirror/node_modules/jackspeak'...
Listing './app/static/vendor/nicegui/elements/codemirror/node_modules/jackspeak/dist'...
Listing './app/static/vendor/nicegui/elements/codemirror/node_modules/jackspeak/dist/commonjs'...
Listing './app/static/vendor/nicegui/elements/codemirror/node_modules/jackspeak/dist/esm'...
Listing './app/static/vendor/nicegui/elements/codemirror/node_modules/lru-cache'...
Listing './app/static/vendor/nicegui/elements/codemirror/node_modules/lru-cache/dist'...
Listing './app/static/vendor/nicegui/elements/codemirror/node_modules/lru-cache/dist/commonjs'...
Listing './app/static/vendor/nicegui/elements/codemirror/node_modules/lru-cache/dist/esm'...
Listing './app/static/vendor/nicegui/elements/codemirror/node_modules/minimatch'...
Listing './app/static/vendor/nicegui/elements/codemirror/node_modules/minimatch/dist'...
Listing './app/static/vendor/nicegui/elements/codemirror/node_modules/minimatch/dist/commonjs'...
Listing './app/static/vendor/nicegui/elements/codemirror/node_modules/minimatch/dist/esm'...
Listing './app/static/vendor/nicegui/elements/codemirror/node_modules/minipass'...
Listing './app/static/vendor/nicegui/elements/codemirror/node_modules/minipass/dist'...
Listing './app/static/vendor/nicegui/elements/codemirror/node_modules/minipass/dist/commonjs'...
Listing './app/static/vendor/nicegui/elements/codemirror/node_modules/minipass/dist/esm'...
Listing './app/static/vendor/nicegui/elements/codemirror/node_modules/package-json-from-dist'...
Listing './app/static/vendor/nicegui/elements/codemirror/node_modules/package-json-from-dist/dist'...
Listing './app/static/vendor/nicegui/elements/codemirror/node_modules/package-json-from-dist/dist/commonjs'...
Listing './app/static/vendor/nicegui/elements/codemirror/node_modules/package-json-from-dist/dist/esm'...
Listing './app/static/vendor/nicegui/elements/codemirror/node_modules/path-key'...
Listing './app/static/vendor/nicegui/elements/codemirror/node_modules/path-parse'...
Listing './app/static/vendor/nicegui/elements/codemirror/node_modules/path-scurry'...
Listing './app/static/vendor/nicegui/elements/codemirror/node_modules/path-scurry/dist'...
Listing './app/static/vendor/nicegui/elements/codemirror/node_modules/path-scurry/dist/commonjs'...
Listing './app/static/vendor/nicegui/elements/codemirror/node_modules/path-scurry/dist/esm'...
Listing './app/static/vendor/nicegui/elements/codemirror/node_modules/picomatch'...
Listing './app/static/vendor/nicegui/elements/codemirror/node_modules/picomatch/lib'...
Listing './app/static/vendor/nicegui/elements/codemirror/node_modules/randombytes'...
Listing './app/static/vendor/nicegui/elements/codemirror/node_modules/resolve'...
Listing './app/static/vendor/nicegui/elements/codemirror/node_modules/resolve/.github'...
Listing './app/static/vendor/nicegui/elements/codemirror/node_modules/resolve/bin'...
Listing './app/static/vendor/nicegui/elements/codemirror/node_modules/resolve/example'...
Listing './app/static/vendor/nicegui/elements/codemirror/node_modules/resolve/lib'...
Listing './app/static/vendor/nicegui/elements/codemirror/node_modules/resolve/test'...
Listing './app/static/vendor/nicegui/elements/codemirror/node_modules/resolve/test/dotdot'...
Listing './app/static/vendor/nicegui/elements/codemirror/node_modules/resolve/test/dotdot/abc'...
Listing './app/static/vendor/nicegui/elements/codemirror/node_modules/resolve/test/module_dir'...
Listing './app/static/vendor/nicegui/elements/codemirror/node_modules/resolve/test/module_dir/xmodules'...
Listing './app/static/vendor/nicegui/elements/codemirror/node_modules/resolve/test/module_dir/xmodules/aaa'...
Listing './app/static/vendor/nicegui/elements/codemirror/node_modules/resolve/test/module_dir/ymodules'...
Listing './app/static/vendor/nicegui/elements/codemirror/node_modules/resolve/test/module_dir/ymodules/aaa'...
Listing './app/static/vendor/nicegui/elements/codemirror/node_modules/resolve/test/module_dir/zmodules'...
Listing './app/static/vendor/nicegui/elements/codemirror/node_modules/resolve/test/module_dir/zmodules/bbb'...
Listing './app/static/vendor/nicegui/elements/codemirror/node_modules/resolve/test/node_path'...
Listing './app/static/vendor/nicegui/elements/codemirror/node_modules/resolve/test/node_path/x'...
Listing './app/static/vendor/nicegui/elements/codemirror/node_modules/resolve/test/node_path/x/aaa'...
Listing './app/static/vendor/nicegui/elements/codemirror/node_modules/resolve/test/node_path/x/ccc'...
Listing './app/static/vendor/nicegui/elements/codemirror/node_modules/resolve/test/node_path/y'...
Listing './app/static/vendor/nicegui/elements/codemirror/node_modules/resolve/test/node_path/y/bbb'...
Listing './app/static/vendor/nicegui/elements/codemirror/node_modules/resolve/test/node_path/y/ccc'...
Listing './app/static/vendor/nicegui/elements/codemirror/node_modules/resolve/test/pathfilter'...
Listing './app/static/vendor/nicegui/elements/codemirror/node_modules/resolve/test/pathfilter/deep_ref'...
Listing './app/static/vendor/nicegui/elements/codemirror/node_modules/resolve/test/precedence'...
Listing './app/static/vendor/nicegui/elements/codemirror/node_modules/resolve/test/precedence/aaa'...
Listing './app/static/vendor/nicegui/elements/codemirror/node_modules/resolve/test/precedence/bbb'...
Listing './app/static/vendor/nicegui/elements/codemirror/node_modules/resolve/test/resolver'...
Listing './app/static/vendor/nicegui/elements/codemirror/node_modules/resolve/test/resolver/baz'...
Listing './app/static/vendor/nicegui/elements/codemirror/node_modules/resolve/test/resolver/browser_field'...
Listing './app/static/vendor/nicegui/elements/codemirror/node_modules/resolve/test/resolver/dot_main'...
Listing './app/static/vendor/nicegui/elements/codemirror/node_modules/resolve/test/resolver/dot_slash_main'...
Listing './app/static/vendor/nicegui/elements/codemirror/node_modules/resolve/test/resolver/false_main'...
Listing './app/static/vendor/nicegui/elements/codemirror/node_modules/resolve/test/resolver/incorrect_main'...
Listing './app/static/vendor/nicegui/elements/codemirror/node_modules/resolve/test/resolver/invalid_main'...
Listing './app/static/vendor/nicegui/elements/codemirror/node_modules/resolve/test/resolver/multirepo'...
Listing './app/static/vendor/nicegui/elements/codemirror/node_modules/resolve/test/resolver/multirepo/packages'...
Listing './app/static/vendor/nicegui/elements/codemirror/node_modules/resolve/test/resolver/multirepo/packages/package-a'...
Listing './app/static/vendor/nicegui/elements/codemirror/node_modules/resolve/test/resolver/multirepo/packages/package-b'...
Listing './app/static/vendor/nicegui/elements/codemirror/node_modules/resolve/test/resolver/nested_symlinks'...
Listing './app/static/vendor/nicegui/elements/codemirror/node_modules/resolve/test/resolver/nested_symlinks/mylib'...
Listing './app/static/vendor/nicegui/elements/codemirror/node_modules/resolve/test/resolver/other_path'...
Listing './app/static/vendor/nicegui/elements/codemirror/node_modules/resolve/test/resolver/other_path/lib'...
Listing './app/static/vendor/nicegui/elements/codemirror/node_modules/resolve/test/resolver/quux'...
Listing './app/static/vendor/nicegui/elements/codemirror/node_modules/resolve/test/resolver/quux/foo'...
Listing './app/static/vendor/nicegui/elements/codemirror/node_modules/resolve/test/resolver/same_names'...
Listing './app/static/vendor/nicegui/elements/codemirror/node_modules/resolve/test/resolver/same_names/foo'...
Listing './app/static/vendor/nicegui/elements/codemirror/node_modules/resolve/test/resolver/symlinked'...
Listing './app/static/vendor/nicegui/elements/codemirror/node_modules/resolve/test/resolver/symlinked/_'...
Listing './app/static/vendor/nicegui/elements/codemirror/node_modules/resolve/test/resolver/symlinked/_/node_modules'...
Listing './app/static/vendor/nicegui/elements/codemirror/node_modules/resolve/test/resolver/symlinked/_/symlink_target'...
Listing './app/static/vendor/nicegui/elements/codemirror/node_modules/resolve/test/resolver/symlinked/package'...
Listing './app/static/vendor/nicegui/elements/codemirror/node_modules/resolve/test/resolver/without_basedir'...
Listing './app/static/vendor/nicegui/elements/codemirror/node_modules/resolve/test/shadowed_core'...
Listing './app/static/vendor/nicegui/elements/codemirror/node_modules/resolve/test/shadowed_core/node_modules'...
Listing './app/static/vendor/nicegui/elements/codemirror/node_modules/resolve/test/shadowed_core/node_modules/util'...
Listing './app/static/vendor/nicegui/elements/codemirror/node_modules/rimraf'...
Listing './app/static/vendor/nicegui/elements/codemirror/node_modules/rimraf/dist'...
Listing './app/static/vendor/nicegui/elements/codemirror/node_modules/rimraf/dist/commonjs'...
Listing './app/static/vendor/nicegui/elements/codemirror/node_modules/rimraf/dist/esm'...
Listing './app/static/vendor/nicegui/elements/codemirror/node_modules/rollup'...
Listing './app/static/vendor/nicegui/elements/codemirror/node_modules/rollup/dist'...
Listing './app/static/vendor/nicegui/elements/codemirror/node_modules/rollup/dist/bin'...
Listing './app/static/vendor/nicegui/elements/codemirror/node_modules/rollup/dist/es'...
Listing './app/static/vendor/nicegui/elements/codemirror/node_modules/rollup/dist/es/shared'...
Listing './app/static/vendor/nicegui/elements/codemirror/node_modules/rollup/dist/shared'...
Listing './app/static/vendor/nicegui/elements/codemirror/node_modules/safe-buffer'...
Listing './app/static/vendor/nicegui/elements/codemirror/node_modules/serialize-javascript'...
Listing './app/static/vendor/nicegui/elements/codemirror/node_modules/shebang-command'...
Listing './app/static/vendor/nicegui/elements/codemirror/node_modules/shebang-regex'...
Listing './app/static/vendor/nicegui/elements/codemirror/node_modules/signal-exit'...
Listing './app/static/vendor/nicegui/elements/codemirror/node_modules/signal-exit/dist'...
Listing './app/static/vendor/nicegui/elements/codemirror/node_modules/signal-exit/dist/cjs'...
Listing './app/static/vendor/nicegui/elements/codemirror/node_modules/signal-exit/dist/mjs'...
Listing './app/static/vendor/nicegui/elements/codemirror/node_modules/smob'...
Listing './app/static/vendor/nicegui/elements/codemirror/node_modules/smob/dist'...
Listing './app/static/vendor/nicegui/elements/codemirror/node_modules/smob/dist/utils'...
Listing './app/static/vendor/nicegui/elements/codemirror/node_modules/source-map'...
Listing './app/static/vendor/nicegui/elements/codemirror/node_modules/source-map/dist'...
Listing './app/static/vendor/nicegui/elements/codemirror/node_modules/source-map/lib'...
Listing './app/static/vendor/nicegui/elements/codemirror/node_modules/source-map-support'...
Listing './app/static/vendor/nicegui/elements/codemirror/node_modules/string-width'...
Listing './app/static/vendor/nicegui/elements/codemirror/node_modules/string-width-cjs'...
Listing './app/static/vendor/nicegui/elements/codemirror/node_modules/string-width-cjs/node_modules'...
Listing './app/static/vendor/nicegui/elements/codemirror/node_modules/string-width-cjs/node_modules/ansi-regex'...
Listing './app/static/vendor/nicegui/elements/codemirror/node_modules/string-width-cjs/node_modules/emoji-regex'...
Listing './app/static/vendor/nicegui/elements/codemirror/node_modules/string-width-cjs/node_modules/emoji-regex/es2015'...
Listing './app/static/vendor/nicegui/elements/codemirror/node_modules/string-width-cjs/node_modules/strip-ansi'...
Listing './app/static/vendor/nicegui/elements/codemirror/node_modules/strip-ansi'...
Listing './app/static/vendor/nicegui/elements/codemirror/node_modules/strip-ansi-cjs'...
Listing './app/static/vendor/nicegui/elements/codemirror/node_modules/strip-ansi-cjs/node_modules'...
Listing './app/static/vendor/nicegui/elements/codemirror/node_modules/strip-ansi-cjs/node_modules/ansi-regex'...
Listing './app/static/vendor/nicegui/elements/codemirror/node_modules/style-mod'...
Listing './app/static/vendor/nicegui/elements/codemirror/node_modules/style-mod/dist'...
Listing './app/static/vendor/nicegui/elements/codemirror/node_modules/style-mod/src'...
Listing './app/static/vendor/nicegui/elements/codemirror/node_modules/style-mod/test'...
Listing './app/static/vendor/nicegui/elements/codemirror/node_modules/supports-preserve-symlinks-flag'...
Listing './app/static/vendor/nicegui/elements/codemirror/node_modules/supports-preserve-symlinks-flag/.github'...
Listing './app/static/vendor/nicegui/elements/codemirror/node_modules/supports-preserve-symlinks-flag/test'...
Listing './app/static/vendor/nicegui/elements/codemirror/node_modules/terser'...
Listing './app/static/vendor/nicegui/elements/codemirror/node_modules/terser/bin'...
Listing './app/static/vendor/nicegui/elements/codemirror/node_modules/terser/dist'...
Listing './app/static/vendor/nicegui/elements/codemirror/node_modules/terser/lib'...
Listing './app/static/vendor/nicegui/elements/codemirror/node_modules/terser/lib/compress'...
Listing './app/static/vendor/nicegui/elements/codemirror/node_modules/terser/lib/utils'...
Listing './app/static/vendor/nicegui/elements/codemirror/node_modules/terser/tools'...
Listing './app/static/vendor/nicegui/elements/codemirror/node_modules/w3c-keyname'...
Listing './app/static/vendor/nicegui/elements/codemirror/node_modules/which'...
Listing './app/static/vendor/nicegui/elements/codemirror/node_modules/which/bin'...
Listing './app/static/vendor/nicegui/elements/codemirror/node_modules/wrap-ansi'...
Listing './app/static/vendor/nicegui/elements/codemirror/node_modules/wrap-ansi-cjs'...
Listing './app/static/vendor/nicegui/elements/codemirror/node_modules/wrap-ansi-cjs/node_modules'...
Listing './app/static/vendor/nicegui/elements/codemirror/node_modules/wrap-ansi-cjs/node_modules/ansi-regex'...
Listing './app/static/vendor/nicegui/elements/codemirror/node_modules/wrap-ansi-cjs/node_modules/ansi-styles'...
Listing './app/static/vendor/nicegui/elements/codemirror/node_modules/wrap-ansi-cjs/node_modules/emoji-regex'...
Listing './app/static/vendor/nicegui/elements/codemirror/node_modules/wrap-ansi-cjs/node_modules/emoji-regex/es2015'...
Listing './app/static/vendor/nicegui/elements/codemirror/node_modules/wrap-ansi-cjs/node_modules/string-width'...
Listing './app/static/vendor/nicegui/elements/codemirror/node_modules/wrap-ansi-cjs/node_modules/strip-ansi'...
Listing './app/static/vendor/nicegui/elements/codemirror/src'...
Listing './app/static/vendor/nicegui/elements/echart'...
Listing './app/static/vendor/nicegui/elements/echart/dist'...
Listing './app/static/vendor/nicegui/elements/echart/src'...
Listing './app/static/vendor/nicegui/elements/joystick'...
Listing './app/static/vendor/nicegui/elements/joystick/dist'...
Listing './app/static/vendor/nicegui/elements/joystick/src'...
Listing './app/static/vendor/nicegui/elements/json_editor'...
Listing './app/static/vendor/nicegui/elements/json_editor/dist'...
Listing './app/static/vendor/nicegui/elements/json_editor/src'...
Listing './app/static/vendor/nicegui/elements/leaflet'...
Listing './app/static/vendor/nicegui/elements/leaflet/dist'...
Listing './app/static/vendor/nicegui/elements/leaflet/dist/leaflet'...
Listing './app/static/vendor/nicegui/elements/leaflet/dist/leaflet/images'...
Listing './app/static/vendor/nicegui/elements/leaflet/dist/leaflet-draw'...
Listing './app/static/vendor/nicegui/elements/leaflet/dist/leaflet-draw/images'...
Listing './app/static/vendor/nicegui/elements/leaflet/src'...
Listing './app/static/vendor/nicegui/elements/mermaid'...
Listing './app/static/vendor/nicegui/elements/mermaid/dist'...
Listing './app/static/vendor/nicegui/elements/mermaid/src'...
Listing './app/static/vendor/nicegui/elements/mixins'...
Listing './app/static/vendor/nicegui/elements/plotly'...
Listing './app/static/vendor/nicegui/elements/plotly/dist'...
Listing './app/static/vendor/nicegui/elements/plotly/src'...
Listing './app/static/vendor/nicegui/elements/scene'...
Listing './app/static/vendor/nicegui/elements/scene/dist'...
Listing './app/static/vendor/nicegui/elements/scene/src'...
Listing './app/static/vendor/nicegui/elements/xterm'...
Listing './app/static/vendor/nicegui/elements/xterm/dist'...
Listing './app/static/vendor/nicegui/elements/xterm/src'...
Listing './app/static/vendor/nicegui/functions'...
Listing './app/static/vendor/nicegui/json'...
Compiling './app/static/vendor/nicegui/json/builtin_wrapper.py'...
Listing './app/static/vendor/nicegui/native'...
Listing './app/static/vendor/nicegui/persistence'...
Listing './app/static/vendor/nicegui/scripts'...
Compiling './app/static/vendor/nicegui/scripts/pack.py'...
Listing './app/static/vendor/nicegui/static'...
Listing './app/static/vendor/nicegui/static/fonts'...
Listing './app/static/vendor/nicegui/static/lang'...
Listing './app/static/vendor/nicegui/static/utils'...
Listing './app/static/vendor/nicegui/templates'...
Listing './app/static/vendor/nicegui/testing'...
Compiling './app/static/vendor/nicegui/testing/__init__.py'...
Compiling './app/static/vendor/nicegui/testing/general_fixtures.py'...
Compiling './app/static/vendor/nicegui/testing/plugin.py'...
Compiling './app/static/vendor/nicegui/testing/screen.py'...
Compiling './app/static/vendor/nicegui/testing/screen_plugin.py'...
Compiling './app/static/vendor/nicegui/testing/user.py'...
Compiling './app/static/vendor/nicegui/testing/user_download.py'...
Compiling './app/static/vendor/nicegui/testing/user_interaction.py'...
Compiling './app/static/vendor/nicegui/testing/user_navigate.py'...
Compiling './app/static/vendor/nicegui/testing/user_notify.py'...
Compiling './app/static/vendor/nicegui/testing/user_plugin.py'...
Listing './app/static/vendor/nicegui-3.2.0.dist-info'...
Listing './app/static/vendor/nicegui-3.2.0.dist-info/licenses'...
Listing './app/static/vendor/xterm'...
Listing './app/templates'...
Listing './app/utils'...
Compiling './app/utils.py'...
Listing './docs'...
Listing './docs/apps'...
Listing './docs/apps/code_cm6'...
Listing './docs/apps/terminal'...
Listing './docs/apps/termux_lm'...
Listing './docs/core'...
Listing './notes'...
Listing './notes/plans'...
Listing './pip-venv-amd64'...
Listing './pip-venv-amd64/bin'...
Listing './pip-venv-amd64/include'...
Listing './pip-venv-amd64/include/python3.13'...
Listing './pip-venv-amd64/include/site'...
Listing './pip-venv-amd64/include/site/python3.13'...
Listing './pip-venv-amd64/include/site/python3.13/greenlet'...
Listing './pip-venv-amd64/lib'...
Listing './pip-venv-amd64/lib/python3.13'...
Listing './pip-venv-amd64/lib/python3.13/site-packages'...
Listing './pip-venv-amd64/lib/python3.13/site-packages/Flask_SocketIO-5.5.1.dist-info'...
Listing './pip-venv-amd64/lib/python3.13/site-packages/_yaml'...
Compiling './pip-venv-amd64/lib/python3.13/site-packages/_yaml/__init__.py'...
Listing './pip-venv-amd64/lib/python3.13/site-packages/aiofiles'...
Compiling './pip-venv-amd64/lib/python3.13/site-packages/aiofiles/__init__.py'...
Compiling './pip-venv-amd64/lib/python3.13/site-packages/aiofiles/base.py'...
Compiling './pip-venv-amd64/lib/python3.13/site-packages/aiofiles/os.py'...
Compiling './pip-venv-amd64/lib/python3.13/site-packages/aiofiles/ospath.py'...
Listing './pip-venv-amd64/lib/python3.13/site-packages/aiofiles/tempfile'...
Compiling './pip-venv-amd64/lib/python3.13/site-packages/aiofiles/tempfile/__init__.py'...
Compiling './pip-venv-amd64/lib/python3.13/site-packages/aiofiles/tempfile/temptypes.py'...
Listing './pip-venv-amd64/lib/python3.13/site-packages/aiofiles/threadpool'...
Compiling './pip-venv-amd64/lib/python3.13/site-packages/aiofiles/threadpool/__init__.py'...
Compiling './pip-venv-amd64/lib/python3.13/site-packages/aiofiles/threadpool/binary.py'...
Compiling './pip-venv-amd64/lib/python3.13/site-packages/aiofiles/threadpool/text.py'...
Compiling './pip-venv-amd64/lib/python3.13/site-packages/aiofiles/threadpool/utils.py'...
Listing './pip-venv-amd64/lib/python3.13/site-packages/aiofiles-25.1.0.dist-info'...
Listing './pip-venv-amd64/lib/python3.13/site-packages/aiofiles-25.1.0.dist-info/licenses'...
Listing './pip-venv-amd64/lib/python3.13/site-packages/annotated_doc'...
Compiling './pip-venv-amd64/lib/python3.13/site-packages/annotated_doc/__init__.py'...
Compiling './pip-venv-amd64/lib/python3.13/site-packages/annotated_doc/main.py'...
Listing './pip-venv-amd64/lib/python3.13/site-packages/annotated_doc-0.0.4.dist-info'...
Listing './pip-venv-amd64/lib/python3.13/site-packages/annotated_doc-0.0.4.dist-info/licenses'...
Listing './pip-venv-amd64/lib/python3.13/site-packages/annotated_types'...
Compiling './pip-venv-amd64/lib/python3.13/site-packages/annotated_types/__init__.py'...
Compiling './pip-venv-amd64/lib/python3.13/site-packages/annotated_types/test_cases.py'...
Listing './pip-venv-amd64/lib/python3.13/site-packages/annotated_types-0.7.0.dist-info'...
Listing './pip-venv-amd64/lib/python3.13/site-packages/annotated_types-0.7.0.dist-info/licenses'...
Listing './pip-venv-amd64/lib/python3.13/site-packages/anyio'...
Compiling './pip-venv-amd64/lib/python3.13/site-packages/anyio/__init__.py'...
Listing './pip-venv-amd64/lib/python3.13/site-packages/anyio/_backends'...
Compiling './pip-venv-amd64/lib/python3.13/site-packages/anyio/_backends/__init__.py'...
Compiling './pip-venv-amd64/lib/python3.13/site-packages/anyio/_backends/_asyncio.py'...
Compiling './pip-venv-amd64/lib/python3.13/site-packages/anyio/_backends/_trio.py'...
Listing './pip-venv-amd64/lib/python3.13/site-packages/anyio/_core'...
Compiling './pip-venv-amd64/lib/python3.13/site-packages/anyio/_core/__init__.py'...
Compiling './pip-venv-amd64/lib/python3.13/site-packages/anyio/_core/_asyncio_selector_thread.py'...
Compiling './pip-venv-amd64/lib/python3.13/site-packages/anyio/_core/_contextmanagers.py'...
Compiling './pip-venv-amd64/lib/python3.13/site-packages/anyio/_core/_eventloop.py'...
Compiling './pip-venv-amd64/lib/python3.13/site-packages/anyio/_core/_exceptions.py'...
Compiling './pip-venv-amd64/lib/python3.13/site-packages/anyio/_core/_fileio.py'...
Compiling './pip-venv-amd64/lib/python3.13/site-packages/anyio/_core/_resources.py'...
Compiling './pip-venv-amd64/lib/python3.13/site-packages/anyio/_core/_signals.py'...
Compiling './pip-venv-amd64/lib/python3.13/site-packages/anyio/_core/_sockets.py'...
Compiling './pip-venv-amd64/lib/python3.13/site-packages/anyio/_core/_streams.py'...
Compiling './pip-venv-amd64/lib/python3.13/site-packages/anyio/_core/_subprocesses.py'...
Compiling './pip-venv-amd64/lib/python3.13/site-packages/anyio/_core/_synchronization.py'...
Compiling './pip-venv-amd64/lib/python3.13/site-packages/anyio/_core/_tasks.py'...
Compiling './pip-venv-amd64/lib/python3.13/site-packages/anyio/_core/_tempfile.py'...
Compiling './pip-venv-amd64/lib/python3.13/site-packages/anyio/_core/_testing.py'...
Compiling './pip-venv-amd64/lib/python3.13/site-packages/anyio/_core/_typedattr.py'...
Listing './pip-venv-amd64/lib/python3.13/site-packages/anyio/abc'...
Compiling './pip-venv-amd64/lib/python3.13/site-packages/anyio/abc/__init__.py'...
Compiling './pip-venv-amd64/lib/python3.13/site-packages/anyio/abc/_eventloop.py'...
Compiling './pip-venv-amd64/lib/python3.13/site-packages/anyio/abc/_resources.py'...
Compiling './pip-venv-amd64/lib/python3.13/site-packages/anyio/abc/_sockets.py'...
Compiling './pip-venv-amd64/lib/python3.13/site-packages/anyio/abc/_streams.py'...
Compiling './pip-venv-amd64/lib/python3.13/site-packages/anyio/abc/_subprocesses.py'...
Compiling './pip-venv-amd64/lib/python3.13/site-packages/anyio/abc/_tasks.py'...
Compiling './pip-venv-amd64/lib/python3.13/site-packages/anyio/abc/_testing.py'...
Compiling './pip-venv-amd64/lib/python3.13/site-packages/anyio/from_thread.py'...
Compiling './pip-venv-amd64/lib/python3.13/site-packages/anyio/lowlevel.py'...
Compiling './pip-venv-amd64/lib/python3.13/site-packages/anyio/pytest_plugin.py'...
Listing './pip-venv-amd64/lib/python3.13/site-packages/anyio/streams'...
Compiling './pip-venv-amd64/lib/python3.13/site-packages/anyio/streams/__init__.py'...
Compiling './pip-venv-amd64/lib/python3.13/site-packages/anyio/streams/buffered.py'...
Compiling './pip-venv-amd64/lib/python3.13/site-packages/anyio/streams/file.py'...
Compiling './pip-venv-amd64/lib/python3.13/site-packages/anyio/streams/memory.py'...
Compiling './pip-venv-amd64/lib/python3.13/site-packages/anyio/streams/stapled.py'...
Compiling './pip-venv-amd64/lib/python3.13/site-packages/anyio/streams/text.py'...
Compiling './pip-venv-amd64/lib/python3.13/site-packages/anyio/streams/tls.py'...
Compiling './pip-venv-amd64/lib/python3.13/site-packages/anyio/to_interpreter.py'...
Compiling './pip-venv-amd64/lib/python3.13/site-packages/anyio/to_process.py'...
Compiling './pip-venv-amd64/lib/python3.13/site-packages/anyio/to_thread.py'...
Listing './pip-venv-amd64/lib/python3.13/site-packages/anyio-4.11.0.dist-info'...
Listing './pip-venv-amd64/lib/python3.13/site-packages/anyio-4.11.0.dist-info/licenses'...
Listing './pip-venv-amd64/lib/python3.13/site-packages/bidict'...
Compiling './pip-venv-amd64/lib/python3.13/site-packages/bidict/__init__.py'...
Compiling './pip-venv-amd64/lib/python3.13/site-packages/bidict/_abc.py'...
Compiling './pip-venv-amd64/lib/python3.13/site-packages/bidict/_base.py'...
Compiling './pip-venv-amd64/lib/python3.13/site-packages/bidict/_bidict.py'...
Compiling './pip-venv-amd64/lib/python3.13/site-packages/bidict/_dup.py'...
Compiling './pip-venv-amd64/lib/python3.13/site-packages/bidict/_exc.py'...
Compiling './pip-venv-amd64/lib/python3.13/site-packages/bidict/_frozen.py'...
Compiling './pip-venv-amd64/lib/python3.13/site-packages/bidict/_iter.py'...
Compiling './pip-venv-amd64/lib/python3.13/site-packages/bidict/_orderedbase.py'...
Compiling './pip-venv-amd64/lib/python3.13/site-packages/bidict/_orderedbidict.py'...
Compiling './pip-venv-amd64/lib/python3.13/site-packages/bidict/_typing.py'...
Compiling './pip-venv-amd64/lib/python3.13/site-packages/bidict/metadata.py'...
Listing './pip-venv-amd64/lib/python3.13/site-packages/bidict-0.23.1.dist-info'...
Listing './pip-venv-amd64/lib/python3.13/site-packages/blinker'...
Compiling './pip-venv-amd64/lib/python3.13/site-packages/blinker/__init__.py'...
Compiling './pip-venv-amd64/lib/python3.13/site-packages/blinker/_utilities.py'...
Compiling './pip-venv-amd64/lib/python3.13/site-packages/blinker/base.py'...
Listing './pip-venv-amd64/lib/python3.13/site-packages/blinker-1.9.0.dist-info'...
Listing './pip-venv-amd64/lib/python3.13/site-packages/certifi'...
Compiling './pip-venv-amd64/lib/python3.13/site-packages/certifi/__init__.py'...
Compiling './pip-venv-amd64/lib/python3.13/site-packages/certifi/__main__.py'...
Compiling './pip-venv-amd64/lib/python3.13/site-packages/certifi/core.py'...
Listing './pip-venv-amd64/lib/python3.13/site-packages/certifi-2025.11.12.dist-info'...
Listing './pip-venv-amd64/lib/python3.13/site-packages/certifi-2025.11.12.dist-info/licenses'...
Listing './pip-venv-amd64/lib/python3.13/site-packages/charset_normalizer'...
Compiling './pip-venv-amd64/lib/python3.13/site-packages/charset_normalizer/__init__.py'...
Compiling './pip-venv-amd64/lib/python3.13/site-packages/charset_normalizer/__main__.py'...
Compiling './pip-venv-amd64/lib/python3.13/site-packages/charset_normalizer/api.py'...
Compiling './pip-venv-amd64/lib/python3.13/site-packages/charset_normalizer/cd.py'...
Listing './pip-venv-amd64/lib/python3.13/site-packages/charset_normalizer/cli'...
Compiling './pip-venv-amd64/lib/python3.13/site-packages/charset_normalizer/cli/__init__.py'...
Compiling './pip-venv-amd64/lib/python3.13/site-packages/charset_normalizer/cli/__main__.py'...
Compiling './pip-venv-amd64/lib/python3.13/site-packages/charset_normalizer/constant.py'...
Compiling './pip-venv-amd64/lib/python3.13/site-packages/charset_normalizer/legacy.py'...
Compiling './pip-venv-amd64/lib/python3.13/site-packages/charset_normalizer/md.py'...
Compiling './pip-venv-amd64/lib/python3.13/site-packages/charset_normalizer/models.py'...
Compiling './pip-venv-amd64/lib/python3.13/site-packages/charset_normalizer/utils.py'...
Compiling './pip-venv-amd64/lib/python3.13/site-packages/charset_normalizer/version.py'...
Listing './pip-venv-amd64/lib/python3.13/site-packages/charset_normalizer-3.4.4.dist-info'...
Listing './pip-venv-amd64/lib/python3.13/site-packages/charset_normalizer-3.4.4.dist-info/licenses'...
Listing './pip-venv-amd64/lib/python3.13/site-packages/click'...
Compiling './pip-venv-amd64/lib/python3.13/site-packages/click/__init__.py'...
Compiling './pip-venv-amd64/lib/python3.13/site-packages/click/_compat.py'...
Compiling './pip-venv-amd64/lib/python3.13/site-packages/click/_termui_impl.py'...
Compiling './pip-venv-amd64/lib/python3.13/site-packages/click/_textwrap.py'...
Compiling './pip-venv-amd64/lib/python3.13/site-packages/click/_utils.py'...
Compiling './pip-venv-amd64/lib/python3.13/site-packages/click/_winconsole.py'...
Compiling './pip-venv-amd64/lib/python3.13/site-packages/click/core.py'...
Compiling './pip-venv-amd64/lib/python3.13/site-packages/click/decorators.py'...
Compiling './pip-venv-amd64/lib/python3.13/site-packages/click/exceptions.py'...
Compiling './pip-venv-amd64/lib/python3.13/site-packages/click/formatting.py'...
Compiling './pip-venv-amd64/lib/python3.13/site-packages/click/globals.py'...
Compiling './pip-venv-amd64/lib/python3.13/site-packages/click/parser.py'...
Compiling './pip-venv-amd64/lib/python3.13/site-packages/click/shell_completion.py'...
Compiling './pip-venv-amd64/lib/python3.13/site-packages/click/termui.py'...
Compiling './pip-venv-amd64/lib/python3.13/site-packages/click/testing.py'...
Compiling './pip-venv-amd64/lib/python3.13/site-packages/click/types.py'...
Compiling './pip-venv-amd64/lib/python3.13/site-packages/click/utils.py'...
Listing './pip-venv-amd64/lib/python3.13/site-packages/click-8.3.0.dist-info'...
Listing './pip-venv-amd64/lib/python3.13/site-packages/click-8.3.0.dist-info/licenses'...
Listing './pip-venv-amd64/lib/python3.13/site-packages/dotenv'...
Compiling './pip-venv-amd64/lib/python3.13/site-packages/dotenv/__init__.py'...
Compiling './pip-venv-amd64/lib/python3.13/site-packages/dotenv/__main__.py'...
Compiling './pip-venv-amd64/lib/python3.13/site-packages/dotenv/cli.py'...
Compiling './pip-venv-amd64/lib/python3.13/site-packages/dotenv/ipython.py'...
Compiling './pip-venv-amd64/lib/python3.13/site-packages/dotenv/main.py'...
Compiling './pip-venv-amd64/lib/python3.13/site-packages/dotenv/parser.py'...
Compiling './pip-venv-amd64/lib/python3.13/site-packages/dotenv/variables.py'...
Compiling './pip-venv-amd64/lib/python3.13/site-packages/dotenv/version.py'...
Listing './pip-venv-amd64/lib/python3.13/site-packages/engineio'...
Compiling './pip-venv-amd64/lib/python3.13/site-packages/engineio/__init__.py'...
Compiling './pip-venv-amd64/lib/python3.13/site-packages/engineio/async_client.py'...
Listing './pip-venv-amd64/lib/python3.13/site-packages/engineio/async_drivers'...
Compiling './pip-venv-amd64/lib/python3.13/site-packages/engineio/async_drivers/__init__.py'...
Compiling './pip-venv-amd64/lib/python3.13/site-packages/engineio/async_drivers/_websocket_wsgi.py'...
Compiling './pip-venv-amd64/lib/python3.13/site-packages/engineio/async_drivers/aiohttp.py'...
Compiling './pip-venv-amd64/lib/python3.13/site-packages/engineio/async_drivers/asgi.py'...
Compiling './pip-venv-amd64/lib/python3.13/site-packages/engineio/async_drivers/eventlet.py'...
Compiling './pip-venv-amd64/lib/python3.13/site-packages/engineio/async_drivers/gevent.py'...
Compiling './pip-venv-amd64/lib/python3.13/site-packages/engineio/async_drivers/gevent_uwsgi.py'...
Compiling './pip-venv-amd64/lib/python3.13/site-packages/engineio/async_drivers/sanic.py'...
Compiling './pip-venv-amd64/lib/python3.13/site-packages/engineio/async_drivers/threading.py'...
Compiling './pip-venv-amd64/lib/python3.13/site-packages/engineio/async_drivers/tornado.py'...
Compiling './pip-venv-amd64/lib/python3.13/site-packages/engineio/async_server.py'...
Compiling './pip-venv-amd64/lib/python3.13/site-packages/engineio/async_socket.py'...
Compiling './pip-venv-amd64/lib/python3.13/site-packages/engineio/base_client.py'...
Compiling './pip-venv-amd64/lib/python3.13/site-packages/engineio/base_server.py'...
Compiling './pip-venv-amd64/lib/python3.13/site-packages/engineio/base_socket.py'...
Compiling './pip-venv-amd64/lib/python3.13/site-packages/engineio/client.py'...
Compiling './pip-venv-amd64/lib/python3.13/site-packages/engineio/exceptions.py'...
Compiling './pip-venv-amd64/lib/python3.13/site-packages/engineio/json.py'...
Compiling './pip-venv-amd64/lib/python3.13/site-packages/engineio/middleware.py'...
Compiling './pip-venv-amd64/lib/python3.13/site-packages/engineio/packet.py'...
Compiling './pip-venv-amd64/lib/python3.13/site-packages/engineio/payload.py'...
Compiling './pip-venv-amd64/lib/python3.13/site-packages/engineio/server.py'...
Compiling './pip-venv-amd64/lib/python3.13/site-packages/engineio/socket.py'...
Compiling './pip-venv-amd64/lib/python3.13/site-packages/engineio/static_files.py'...
Listing './pip-venv-amd64/lib/python3.13/site-packages/fastapi'...
Compiling './pip-venv-amd64/lib/python3.13/site-packages/fastapi/__init__.py'...
Compiling './pip-venv-amd64/lib/python3.13/site-packages/fastapi/__main__.py'...
Listing './pip-venv-amd64/lib/python3.13/site-packages/fastapi/_compat'...
Compiling './pip-venv-amd64/lib/python3.13/site-packages/fastapi/_compat/__init__.py'...
Compiling './pip-venv-amd64/lib/python3.13/site-packages/fastapi/_compat/main.py'...
Compiling './pip-venv-amd64/lib/python3.13/site-packages/fastapi/_compat/may_v1.py'...
Compiling './pip-venv-amd64/lib/python3.13/site-packages/fastapi/_compat/model_field.py'...
Compiling './pip-venv-amd64/lib/python3.13/site-packages/fastapi/_compat/shared.py'...
Compiling './pip-venv-amd64/lib/python3.13/site-packages/fastapi/_compat/v1.py'...
Compiling './pip-venv-amd64/lib/python3.13/site-packages/fastapi/_compat/v2.py'...
Compiling './pip-venv-amd64/lib/python3.13/site-packages/fastapi/applications.py'...
Compiling './pip-venv-amd64/lib/python3.13/site-packages/fastapi/background.py'...
Compiling './pip-venv-amd64/lib/python3.13/site-packages/fastapi/cli.py'...
Compiling './pip-venv-amd64/lib/python3.13/site-packages/fastapi/concurrency.py'...
Compiling './pip-venv-amd64/lib/python3.13/site-packages/fastapi/datastructures.py'...
Listing './pip-venv-amd64/lib/python3.13/site-packages/fastapi/dependencies'...
Compiling './pip-venv-amd64/lib/python3.13/site-packages/fastapi/dependencies/__init__.py'...
Compiling './pip-venv-amd64/lib/python3.13/site-packages/fastapi/dependencies/models.py'...
Compiling './pip-venv-amd64/lib/python3.13/site-packages/fastapi/dependencies/utils.py'...
Compiling './pip-venv-amd64/lib/python3.13/site-packages/fastapi/encoders.py'...
Compiling './pip-venv-amd64/lib/python3.13/site-packages/fastapi/exception_handlers.py'...
Compiling './pip-venv-amd64/lib/python3.13/site-packages/fastapi/exceptions.py'...
Compiling './pip-venv-amd64/lib/python3.13/site-packages/fastapi/logger.py'...
Listing './pip-venv-amd64/lib/python3.13/site-packages/fastapi/middleware'...
Compiling './pip-venv-amd64/lib/python3.13/site-packages/fastapi/middleware/__init__.py'...
Compiling './pip-venv-amd64/lib/python3.13/site-packages/fastapi/middleware/asyncexitstack.py'...
Compiling './pip-venv-amd64/lib/python3.13/site-packages/fastapi/middleware/cors.py'...
Compiling './pip-venv-amd64/lib/python3.13/site-packages/fastapi/middleware/gzip.py'...
Compiling './pip-venv-amd64/lib/python3.13/site-packages/fastapi/middleware/httpsredirect.py'...
Compiling './pip-venv-amd64/lib/python3.13/site-packages/fastapi/middleware/trustedhost.py'...
Compiling './pip-venv-amd64/lib/python3.13/site-packages/fastapi/middleware/wsgi.py'...
Listing './pip-venv-amd64/lib/python3.13/site-packages/fastapi/openapi'...
Compiling './pip-venv-amd64/lib/python3.13/site-packages/fastapi/openapi/__init__.py'...
Compiling './pip-venv-amd64/lib/python3.13/site-packages/fastapi/openapi/constants.py'...
Compiling './pip-venv-amd64/lib/python3.13/site-packages/fastapi/openapi/docs.py'...
Compiling './pip-venv-amd64/lib/python3.13/site-packages/fastapi/openapi/models.py'...
Compiling './pip-venv-amd64/lib/python3.13/site-packages/fastapi/openapi/utils.py'...
Compiling './pip-venv-amd64/lib/python3.13/site-packages/fastapi/param_functions.py'...
Compiling './pip-venv-amd64/lib/python3.13/site-packages/fastapi/params.py'...
Compiling './pip-venv-amd64/lib/python3.13/site-packages/fastapi/requests.py'...
Compiling './pip-venv-amd64/lib/python3.13/site-packages/fastapi/responses.py'...
Compiling './pip-venv-amd64/lib/python3.13/site-packages/fastapi/routing.py'...
Listing './pip-venv-amd64/lib/python3.13/site-packages/fastapi/security'...
Compiling './pip-venv-amd64/lib/python3.13/site-packages/fastapi/security/__init__.py'...
Compiling './pip-venv-amd64/lib/python3.13/site-packages/fastapi/security/api_key.py'...
Compiling './pip-venv-amd64/lib/python3.13/site-packages/fastapi/security/base.py'...
Compiling './pip-venv-amd64/lib/python3.13/site-packages/fastapi/security/http.py'...
Compiling './pip-venv-amd64/lib/python3.13/site-packages/fastapi/security/oauth2.py'...
Compiling './pip-venv-amd64/lib/python3.13/site-packages/fastapi/security/open_id_connect_url.py'...
Compiling './pip-venv-amd64/lib/python3.13/site-packages/fastapi/security/utils.py'...
Compiling './pip-venv-amd64/lib/python3.13/site-packages/fastapi/staticfiles.py'...
Compiling './pip-venv-amd64/lib/python3.13/site-packages/fastapi/temp_pydantic_v1_params.py'...
Compiling './pip-venv-amd64/lib/python3.13/site-packages/fastapi/templating.py'...
Compiling './pip-venv-amd64/lib/python3.13/site-packages/fastapi/testclient.py'...
Compiling './pip-venv-amd64/lib/python3.13/site-packages/fastapi/types.py'...
Compiling './pip-venv-amd64/lib/python3.13/site-packages/fastapi/utils.py'...
Compiling './pip-venv-amd64/lib/python3.13/site-packages/fastapi/websockets.py'...
Listing './pip-venv-amd64/lib/python3.13/site-packages/fastapi-0.121.1.dist-info'...
Listing './pip-venv-amd64/lib/python3.13/site-packages/fastapi-0.121.1.dist-info/licenses'...
Listing './pip-venv-amd64/lib/python3.13/site-packages/flask'...
Compiling './pip-venv-amd64/lib/python3.13/site-packages/flask/__init__.py'...
Compiling './pip-venv-amd64/lib/python3.13/site-packages/flask/__main__.py'...
Compiling './pip-venv-amd64/lib/python3.13/site-packages/flask/app.py'...
Compiling './pip-venv-amd64/lib/python3.13/site-packages/flask/blueprints.py'...
Compiling './pip-venv-amd64/lib/python3.13/site-packages/flask/cli.py'...
Compiling './pip-venv-amd64/lib/python3.13/site-packages/flask/config.py'...
Compiling './pip-venv-amd64/lib/python3.13/site-packages/flask/ctx.py'...
Compiling './pip-venv-amd64/lib/python3.13/site-packages/flask/debughelpers.py'...
Compiling './pip-venv-amd64/lib/python3.13/site-packages/flask/globals.py'...
Compiling './pip-venv-amd64/lib/python3.13/site-packages/flask/helpers.py'...
Listing './pip-venv-amd64/lib/python3.13/site-packages/flask/json'...
Compiling './pip-venv-amd64/lib/python3.13/site-packages/flask/json/__init__.py'...
Compiling './pip-venv-amd64/lib/python3.13/site-packages/flask/json/provider.py'...
Compiling './pip-venv-amd64/lib/python3.13/site-packages/flask/json/tag.py'...
Compiling './pip-venv-amd64/lib/python3.13/site-packages/flask/logging.py'...
Listing './pip-venv-amd64/lib/python3.13/site-packages/flask/sansio'...
Compiling './pip-venv-amd64/lib/python3.13/site-packages/flask/sansio/app.py'...
Compiling './pip-venv-amd64/lib/python3.13/site-packages/flask/sansio/blueprints.py'...
Compiling './pip-venv-amd64/lib/python3.13/site-packages/flask/sansio/scaffold.py'...
Compiling './pip-venv-amd64/lib/python3.13/site-packages/flask/sessions.py'...
Compiling './pip-venv-amd64/lib/python3.13/site-packages/flask/signals.py'...
Compiling './pip-venv-amd64/lib/python3.13/site-packages/flask/templating.py'...
Compiling './pip-venv-amd64/lib/python3.13/site-packages/flask/testing.py'...
Compiling './pip-venv-amd64/lib/python3.13/site-packages/flask/typing.py'...
Compiling './pip-venv-amd64/lib/python3.13/site-packages/flask/views.py'...
Compiling './pip-venv-amd64/lib/python3.13/site-packages/flask/wrappers.py'...
Listing './pip-venv-amd64/lib/python3.13/site-packages/flask-3.1.2.dist-info'...
Listing './pip-venv-amd64/lib/python3.13/site-packages/flask-3.1.2.dist-info/licenses'...
Listing './pip-venv-amd64/lib/python3.13/site-packages/flask_socketio'...
Compiling './pip-venv-amd64/lib/python3.13/site-packages/flask_socketio/__init__.py'...
Compiling './pip-venv-amd64/lib/python3.13/site-packages/flask_socketio/namespace.py'...
Compiling './pip-venv-amd64/lib/python3.13/site-packages/flask_socketio/test_client.py'...
Listing './pip-venv-amd64/lib/python3.13/site-packages/gevent'...
Compiling './pip-venv-amd64/lib/python3.13/site-packages/gevent/__init__.py'...
Compiling './pip-venv-amd64/lib/python3.13/site-packages/gevent/_abstract_linkable.py'...
Compiling './pip-venv-amd64/lib/python3.13/site-packages/gevent/_compat.py'...
Compiling './pip-venv-amd64/lib/python3.13/site-packages/gevent/_config.py'...
Listing './pip-venv-amd64/lib/python3.13/site-packages/gevent/_ffi'...
Compiling './pip-venv-amd64/lib/python3.13/site-packages/gevent/_ffi/__init__.py'...
Compiling './pip-venv-amd64/lib/python3.13/site-packages/gevent/_ffi/callback.py'...
Compiling './pip-venv-amd64/lib/python3.13/site-packages/gevent/_ffi/loop.py'...
Compiling './pip-venv-amd64/lib/python3.13/site-packages/gevent/_ffi/watcher.py'...
Compiling './pip-venv-amd64/lib/python3.13/site-packages/gevent/_fileobjectcommon.py'...
Compiling './pip-venv-amd64/lib/python3.13/site-packages/gevent/_fileobjectposix.py'...
Compiling './pip-venv-amd64/lib/python3.13/site-packages/gevent/_greenlet_primitives.py'...
Compiling './pip-venv-amd64/lib/python3.13/site-packages/gevent/_hub_local.py'...
Compiling './pip-venv-amd64/lib/python3.13/site-packages/gevent/_hub_primitives.py'...
Compiling './pip-venv-amd64/lib/python3.13/site-packages/gevent/_ident.py'...
Compiling './pip-venv-amd64/lib/python3.13/site-packages/gevent/_imap.py'...
Compiling './pip-venv-amd64/lib/python3.13/site-packages/gevent/_interfaces.py'...
Compiling './pip-venv-amd64/lib/python3.13/site-packages/gevent/_monitor.py'...
Compiling './pip-venv-amd64/lib/python3.13/site-packages/gevent/_patcher.py'...
Compiling './pip-venv-amd64/lib/python3.13/site-packages/gevent/_semaphore.py'...
Compiling './pip-venv-amd64/lib/python3.13/site-packages/gevent/_socket3.py'...
Compiling './pip-venv-amd64/lib/python3.13/site-packages/gevent/_socketcommon.py'...
Compiling './pip-venv-amd64/lib/python3.13/site-packages/gevent/_tblib.py'...
Compiling './pip-venv-amd64/lib/python3.13/site-packages/gevent/_threading.py'...
Compiling './pip-venv-amd64/lib/python3.13/site-packages/gevent/_tracer.py'...
Compiling './pip-venv-amd64/lib/python3.13/site-packages/gevent/_util.py'...
Compiling './pip-venv-amd64/lib/python3.13/site-packages/gevent/_waiter.py'...
Compiling './pip-venv-amd64/lib/python3.13/site-packages/gevent/ares.py'...
Compiling './pip-venv-amd64/lib/python3.13/site-packages/gevent/backdoor.py'...
Compiling './pip-venv-amd64/lib/python3.13/site-packages/gevent/baseserver.py'...
Compiling './pip-venv-amd64/lib/python3.13/site-packages/gevent/builtins.py'...
Compiling './pip-venv-amd64/lib/python3.13/site-packages/gevent/contextvars.py'...
Compiling './pip-venv-amd64/lib/python3.13/site-packages/gevent/core.py'...
Compiling './pip-venv-amd64/lib/python3.13/site-packages/gevent/event.py'...
Compiling './pip-venv-amd64/lib/python3.13/site-packages/gevent/events.py'...
Compiling './pip-venv-amd64/lib/python3.13/site-packages/gevent/exceptions.py'...
Compiling './pip-venv-amd64/lib/python3.13/site-packages/gevent/fileobject.py'...
Compiling './pip-venv-amd64/lib/python3.13/site-packages/gevent/greenlet.py'...
Compiling './pip-venv-amd64/lib/python3.13/site-packages/gevent/hub.py'...
Listing './pip-venv-amd64/lib/python3.13/site-packages/gevent/libev'...
Compiling './pip-venv-amd64/lib/python3.13/site-packages/gevent/libev/__init__.py'...
Compiling './pip-venv-amd64/lib/python3.13/site-packages/gevent/libev/_corecffi_build.py'...
Compiling './pip-venv-amd64/lib/python3.13/site-packages/gevent/libev/corecffi.py'...
Compiling './pip-venv-amd64/lib/python3.13/site-packages/gevent/libev/watcher.py'...
Listing './pip-venv-amd64/lib/python3.13/site-packages/gevent/libuv'...
Compiling './pip-venv-amd64/lib/python3.13/site-packages/gevent/libuv/__init__.py'...
Compiling './pip-venv-amd64/lib/python3.13/site-packages/gevent/libuv/_corecffi_build.py'...
Compiling './pip-venv-amd64/lib/python3.13/site-packages/gevent/libuv/loop.py'...
Compiling './pip-venv-amd64/lib/python3.13/site-packages/gevent/libuv/watcher.py'...
Compiling './pip-venv-amd64/lib/python3.13/site-packages/gevent/local.py'...
Compiling './pip-venv-amd64/lib/python3.13/site-packages/gevent/lock.py'...
Listing './pip-venv-amd64/lib/python3.13/site-packages/gevent/monkey'...
Compiling './pip-venv-amd64/lib/python3.13/site-packages/gevent/monkey/__init__.py'...
Compiling './pip-venv-amd64/lib/python3.13/site-packages/gevent/monkey/__main__.py'...
Compiling './pip-venv-amd64/lib/python3.13/site-packages/gevent/monkey/_errors.py'...
Compiling './pip-venv-amd64/lib/python3.13/site-packages/gevent/monkey/_main.py'...
Compiling './pip-venv-amd64/lib/python3.13/site-packages/gevent/monkey/_patch_thread_common.py'...
Compiling './pip-venv-amd64/lib/python3.13/site-packages/gevent/monkey/_patch_thread_gte313.py'...
Compiling './pip-venv-amd64/lib/python3.13/site-packages/gevent/monkey/_patch_thread_lt313.py'...
Compiling './pip-venv-amd64/lib/python3.13/site-packages/gevent/monkey/_state.py'...
Compiling './pip-venv-amd64/lib/python3.13/site-packages/gevent/monkey/_util.py'...
Compiling './pip-venv-amd64/lib/python3.13/site-packages/gevent/monkey/api.py'...
Compiling './pip-venv-amd64/lib/python3.13/site-packages/gevent/os.py'...
Compiling './pip-venv-amd64/lib/python3.13/site-packages/gevent/pool.py'...
Compiling './pip-venv-amd64/lib/python3.13/site-packages/gevent/pywsgi.py'...
Compiling './pip-venv-amd64/lib/python3.13/site-packages/gevent/queue.py'...
Listing './pip-venv-amd64/lib/python3.13/site-packages/gevent/resolver'...
Compiling './pip-venv-amd64/lib/python3.13/site-packages/gevent/resolver/__init__.py'...
Compiling './pip-venv-amd64/lib/python3.13/site-packages/gevent/resolver/_addresses.py'...
Compiling './pip-venv-amd64/lib/python3.13/site-packages/gevent/resolver/_hostsfile.py'...
Compiling './pip-venv-amd64/lib/python3.13/site-packages/gevent/resolver/ares.py'...
Compiling './pip-venv-amd64/lib/python3.13/site-packages/gevent/resolver/blocking.py'...
Compiling './pip-venv-amd64/lib/python3.13/site-packages/gevent/resolver/dnspython.py'...
Compiling './pip-venv-amd64/lib/python3.13/site-packages/gevent/resolver/thread.py'...
Compiling './pip-venv-amd64/lib/python3.13/site-packages/gevent/resolver_ares.py'...
Compiling './pip-venv-amd64/lib/python3.13/site-packages/gevent/resolver_thread.py'...
Compiling './pip-venv-amd64/lib/python3.13/site-packages/gevent/select.py'...
Compiling './pip-venv-amd64/lib/python3.13/site-packages/gevent/selectors.py'...
Compiling './pip-venv-amd64/lib/python3.13/site-packages/gevent/server.py'...
Compiling './pip-venv-amd64/lib/python3.13/site-packages/gevent/signal.py'...
Compiling './pip-venv-amd64/lib/python3.13/site-packages/gevent/socket.py'...
Compiling './pip-venv-amd64/lib/python3.13/site-packages/gevent/ssl.py'...
Compiling './pip-venv-amd64/lib/python3.13/site-packages/gevent/subprocess.py'...
Listing './pip-venv-amd64/lib/python3.13/site-packages/gevent/testing'...
Compiling './pip-venv-amd64/lib/python3.13/site-packages/gevent/testing/__init__.py'...
Listing './pip-venv-amd64/lib/python3.13/site-packages/gevent/testing/coveragesite'...
Compiling './pip-venv-amd64/lib/python3.13/site-packages/gevent/testing/coveragesite/sitecustomize.py'...
Compiling './pip-venv-amd64/lib/python3.13/site-packages/gevent/testing/errorhandler.py'...
Compiling './pip-venv-amd64/lib/python3.13/site-packages/gevent/testing/exception.py'...
Compiling './pip-venv-amd64/lib/python3.13/site-packages/gevent/testing/flaky.py'...
Compiling './pip-venv-amd64/lib/python3.13/site-packages/gevent/testing/hub.py'...
Compiling './pip-venv-amd64/lib/python3.13/site-packages/gevent/testing/leakcheck.py'...
Compiling './pip-venv-amd64/lib/python3.13/site-packages/gevent/testing/modules.py'...
Compiling './pip-venv-amd64/lib/python3.13/site-packages/gevent/testing/monkey_test.py'...
Compiling './pip-venv-amd64/lib/python3.13/site-packages/gevent/testing/openfiles.py'...
Compiling './pip-venv-amd64/lib/python3.13/site-packages/gevent/testing/params.py'...
Compiling './pip-venv-amd64/lib/python3.13/site-packages/gevent/testing/patched_tests_setup.py'...
Compiling './pip-venv-amd64/lib/python3.13/site-packages/gevent/testing/resources.py'...
Compiling './pip-venv-amd64/lib/python3.13/site-packages/gevent/testing/six.py'...
Compiling './pip-venv-amd64/lib/python3.13/site-packages/gevent/testing/skipping.py'...
Compiling './pip-venv-amd64/lib/python3.13/site-packages/gevent/testing/sockets.py'...
Compiling './pip-venv-amd64/lib/python3.13/site-packages/gevent/testing/support.py'...
Compiling './pip-venv-amd64/lib/python3.13/site-packages/gevent/testing/switching.py'...
Compiling './pip-venv-amd64/lib/python3.13/site-packages/gevent/testing/sysinfo.py'...
Compiling './pip-venv-amd64/lib/python3.13/site-packages/gevent/testing/testcase.py'...
Compiling './pip-venv-amd64/lib/python3.13/site-packages/gevent/testing/testrunner.py'...
Compiling './pip-venv-amd64/lib/python3.13/site-packages/gevent/testing/timing.py'...
Compiling './pip-venv-amd64/lib/python3.13/site-packages/gevent/testing/travis.py'...
Compiling './pip-venv-amd64/lib/python3.13/site-packages/gevent/testing/util.py'...
Listing './pip-venv-amd64/lib/python3.13/site-packages/gevent/tests'...
Compiling './pip-venv-amd64/lib/python3.13/site-packages/gevent/tests/__init__.py'...
Compiling './pip-venv-amd64/lib/python3.13/site-packages/gevent/tests/__main__.py'...
Compiling './pip-venv-amd64/lib/python3.13/site-packages/gevent/tests/_blocks_at_top_level.py'...
Compiling './pip-venv-amd64/lib/python3.13/site-packages/gevent/tests/_import_import_patch.py'...
Compiling './pip-venv-amd64/lib/python3.13/site-packages/gevent/tests/_import_patch.py'...
Compiling './pip-venv-amd64/lib/python3.13/site-packages/gevent/tests/_import_wait.py'...
Compiling './pip-venv-amd64/lib/python3.13/site-packages/gevent/tests/_imports_at_top_level.py'...
Compiling './pip-venv-amd64/lib/python3.13/site-packages/gevent/tests/_imports_imports_at_top_level.py'...
Compiling './pip-venv-amd64/lib/python3.13/site-packages/gevent/tests/getaddrinfo_module.py'...
Compiling './pip-venv-amd64/lib/python3.13/site-packages/gevent/tests/known_failures.py'...
Compiling './pip-venv-amd64/lib/python3.13/site-packages/gevent/tests/lock_tests.py'...
Listing './pip-venv-amd64/lib/python3.13/site-packages/gevent/tests/monkey_package'...
Compiling './pip-venv-amd64/lib/python3.13/site-packages/gevent/tests/monkey_package/__init__.py'...
Compiling './pip-venv-amd64/lib/python3.13/site-packages/gevent/tests/monkey_package/__main__.py'...
Compiling './pip-venv-amd64/lib/python3.13/site-packages/gevent/tests/monkey_package/issue1526_no_monkey.py'...
Compiling './pip-venv-amd64/lib/python3.13/site-packages/gevent/tests/monkey_package/issue1526_with_monkey.py'...
Compiling './pip-venv-amd64/lib/python3.13/site-packages/gevent/tests/monkey_package/issue302monkey.py'...
Compiling './pip-venv-amd64/lib/python3.13/site-packages/gevent/tests/monkey_package/script.py'...
Compiling './pip-venv-amd64/lib/python3.13/site-packages/gevent/tests/monkey_package/threadpool_monkey_patches.py'...
Compiling './pip-venv-amd64/lib/python3.13/site-packages/gevent/tests/monkey_package/threadpool_no_monkey.py'...
Compiling './pip-venv-amd64/lib/python3.13/site-packages/gevent/tests/test__GreenletExit.py'...
Compiling './pip-venv-amd64/lib/python3.13/site-packages/gevent/tests/test___config.py'...
Compiling './pip-venv-amd64/lib/python3.13/site-packages/gevent/tests/test___ident.py'...
Compiling './pip-venv-amd64/lib/python3.13/site-packages/gevent/tests/test___monitor.py'...
Compiling './pip-venv-amd64/lib/python3.13/site-packages/gevent/tests/test___monkey_patching.py'...
Compiling './pip-venv-amd64/lib/python3.13/site-packages/gevent/tests/test__all__.py'...
Compiling './pip-venv-amd64/lib/python3.13/site-packages/gevent/tests/test__api.py'...
Compiling './pip-venv-amd64/lib/python3.13/site-packages/gevent/tests/test__api_timeout.py'...
Compiling './pip-venv-amd64/lib/python3.13/site-packages/gevent/tests/test__ares_host_result.py'...
Compiling './pip-venv-amd64/lib/python3.13/site-packages/gevent/tests/test__ares_timeout.py'...
Compiling './pip-venv-amd64/lib/python3.13/site-packages/gevent/tests/test__backdoor.py'...
Compiling './pip-venv-amd64/lib/python3.13/site-packages/gevent/tests/test__close_backend_fd.py'...
Compiling './pip-venv-amd64/lib/python3.13/site-packages/gevent/tests/test__compat.py'...
Compiling './pip-venv-amd64/lib/python3.13/site-packages/gevent/tests/test__contextvars.py'...
Compiling './pip-venv-amd64/lib/python3.13/site-packages/gevent/tests/test__core.py'...
Compiling './pip-venv-amd64/lib/python3.13/site-packages/gevent/tests/test__core_async.py'...
Compiling './pip-venv-amd64/lib/python3.13/site-packages/gevent/tests/test__core_callback.py'...
Compiling './pip-venv-amd64/lib/python3.13/site-packages/gevent/tests/test__core_fork.py'...
Compiling './pip-venv-amd64/lib/python3.13/site-packages/gevent/tests/test__core_loop_run.py'...
Compiling './pip-venv-amd64/lib/python3.13/site-packages/gevent/tests/test__core_stat.py'...
Compiling './pip-venv-amd64/lib/python3.13/site-packages/gevent/tests/test__core_timer.py'...
Compiling './pip-venv-amd64/lib/python3.13/site-packages/gevent/tests/test__core_watcher.py'...
Compiling './pip-venv-amd64/lib/python3.13/site-packages/gevent/tests/test__destroy.py'...
Compiling './pip-venv-amd64/lib/python3.13/site-packages/gevent/tests/test__destroy_default_loop.py'...
Compiling './pip-venv-amd64/lib/python3.13/site-packages/gevent/tests/test__doctests.py'...
Compiling './pip-venv-amd64/lib/python3.13/site-packages/gevent/tests/test__environ.py'...
Compiling './pip-venv-amd64/lib/python3.13/site-packages/gevent/tests/test__event.py'...
Compiling './pip-venv-amd64/lib/python3.13/site-packages/gevent/tests/test__events.py'...
Compiling './pip-venv-amd64/lib/python3.13/site-packages/gevent/tests/test__example_echoserver.py'...
Compiling './pip-venv-amd64/lib/python3.13/site-packages/gevent/tests/test__example_portforwarder.py'...
Compiling './pip-venv-amd64/lib/python3.13/site-packages/gevent/tests/test__example_udp_client.py'...
Compiling './pip-venv-amd64/lib/python3.13/site-packages/gevent/tests/test__example_udp_server.py'...
Compiling './pip-venv-amd64/lib/python3.13/site-packages/gevent/tests/test__example_webproxy.py'...
Compiling './pip-venv-amd64/lib/python3.13/site-packages/gevent/tests/test__example_wsgiserver.py'...
Compiling './pip-venv-amd64/lib/python3.13/site-packages/gevent/tests/test__example_wsgiserver_ssl.py'...
Compiling './pip-venv-amd64/lib/python3.13/site-packages/gevent/tests/test__examples.py'...
Compiling './pip-venv-amd64/lib/python3.13/site-packages/gevent/tests/test__exc_info.py'...
Compiling './pip-venv-amd64/lib/python3.13/site-packages/gevent/tests/test__execmodules.py'...
Compiling './pip-venv-amd64/lib/python3.13/site-packages/gevent/tests/test__fileobject.py'...
Compiling './pip-venv-amd64/lib/python3.13/site-packages/gevent/tests/test__getaddrinfo_import.py'...
Compiling './pip-venv-amd64/lib/python3.13/site-packages/gevent/tests/test__greenio.py'...
Compiling './pip-venv-amd64/lib/python3.13/site-packages/gevent/tests/test__greenlet.py'...
Compiling './pip-venv-amd64/lib/python3.13/site-packages/gevent/tests/test__greenletset.py'...
Compiling './pip-venv-amd64/lib/python3.13/site-packages/gevent/tests/test__greenness.py'...
Compiling './pip-venv-amd64/lib/python3.13/site-packages/gevent/tests/test__hub.py'...
Compiling './pip-venv-amd64/lib/python3.13/site-packages/gevent/tests/test__hub_join.py'...
Compiling './pip-venv-amd64/lib/python3.13/site-packages/gevent/tests/test__hub_join_timeout.py'...
Compiling './pip-venv-amd64/lib/python3.13/site-packages/gevent/tests/test__import_blocking_in_greenlet.py'...
Compiling './pip-venv-amd64/lib/python3.13/site-packages/gevent/tests/test__import_wait.py'...
Compiling './pip-venv-amd64/lib/python3.13/site-packages/gevent/tests/test__issue112.py'...
Compiling './pip-venv-amd64/lib/python3.13/site-packages/gevent/tests/test__issue1686.py'...
Compiling './pip-venv-amd64/lib/python3.13/site-packages/gevent/tests/test__issue1864.py'...
Compiling './pip-venv-amd64/lib/python3.13/site-packages/gevent/tests/test__issue230.py'...
Compiling './pip-venv-amd64/lib/python3.13/site-packages/gevent/tests/test__issue330.py'...
Compiling './pip-venv-amd64/lib/python3.13/site-packages/gevent/tests/test__issue467.py'...
Compiling './pip-venv-amd64/lib/python3.13/site-packages/gevent/tests/test__issue6.py'...
Compiling './pip-venv-amd64/lib/python3.13/site-packages/gevent/tests/test__issue600.py'...
Compiling './pip-venv-amd64/lib/python3.13/site-packages/gevent/tests/test__issue607.py'...
Compiling './pip-venv-amd64/lib/python3.13/site-packages/gevent/tests/test__issue639.py'...
Compiling './pip-venv-amd64/lib/python3.13/site-packages/gevent/tests/test__issue_728.py'...
Compiling './pip-venv-amd64/lib/python3.13/site-packages/gevent/tests/test__issues461_471.py'...
Compiling './pip-venv-amd64/lib/python3.13/site-packages/gevent/tests/test__iwait.py'...
Compiling './pip-venv-amd64/lib/python3.13/site-packages/gevent/tests/test__joinall.py'...
Compiling './pip-venv-amd64/lib/python3.13/site-packages/gevent/tests/test__local.py'...
Compiling './pip-venv-amd64/lib/python3.13/site-packages/gevent/tests/test__lock.py'...
Compiling './pip-venv-amd64/lib/python3.13/site-packages/gevent/tests/test__loop_callback.py'...
Compiling './pip-venv-amd64/lib/python3.13/site-packages/gevent/tests/test__makefile_ref.py'...
Compiling './pip-venv-amd64/lib/python3.13/site-packages/gevent/tests/test__memleak.py'...
Compiling './pip-venv-amd64/lib/python3.13/site-packages/gevent/tests/test__monkey.py'...
Compiling './pip-venv-amd64/lib/python3.13/site-packages/gevent/tests/test__monkey_builtins_future.py'...
Compiling './pip-venv-amd64/lib/python3.13/site-packages/gevent/tests/test__monkey_hub_in_thread.py'...
Compiling './pip-venv-amd64/lib/python3.13/site-packages/gevent/tests/test__monkey_logging.py'...
Compiling './pip-venv-amd64/lib/python3.13/site-packages/gevent/tests/test__monkey_module_run.py'...
Compiling './pip-venv-amd64/lib/python3.13/site-packages/gevent/tests/test__monkey_multiple_imports.py'...
Compiling './pip-venv-amd64/lib/python3.13/site-packages/gevent/tests/test__monkey_queue.py'...
Compiling './pip-venv-amd64/lib/python3.13/site-packages/gevent/tests/test__monkey_select.py'...
Compiling './pip-venv-amd64/lib/python3.13/site-packages/gevent/tests/test__monkey_selectors.py'...
Compiling './pip-venv-amd64/lib/python3.13/site-packages/gevent/tests/test__monkey_sigchld.py'...
Compiling './pip-venv-amd64/lib/python3.13/site-packages/gevent/tests/test__monkey_sigchld_2.py'...
Compiling './pip-venv-amd64/lib/python3.13/site-packages/gevent/tests/test__monkey_sigchld_3.py'...
Compiling './pip-venv-amd64/lib/python3.13/site-packages/gevent/tests/test__monkey_sigchld_wakeup_fd.py'...
Compiling './pip-venv-amd64/lib/python3.13/site-packages/gevent/tests/test__monkey_ssl_warning.py'...
Compiling './pip-venv-amd64/lib/python3.13/site-packages/gevent/tests/test__monkey_ssl_warning2.py'...
Compiling './pip-venv-amd64/lib/python3.13/site-packages/gevent/tests/test__monkey_ssl_warning3.py'...
Compiling './pip-venv-amd64/lib/python3.13/site-packages/gevent/tests/test__nondefaultloop.py'...
Compiling './pip-venv-amd64/lib/python3.13/site-packages/gevent/tests/test__order.py'...
Compiling './pip-venv-amd64/lib/python3.13/site-packages/gevent/tests/test__os.py'...
Compiling './pip-venv-amd64/lib/python3.13/site-packages/gevent/tests/test__pool.py'...
Compiling './pip-venv-amd64/lib/python3.13/site-packages/gevent/tests/test__pywsgi.py'...
Compiling './pip-venv-amd64/lib/python3.13/site-packages/gevent/tests/test__queue.py'...
Compiling './pip-venv-amd64/lib/python3.13/site-packages/gevent/tests/test__real_greenlet.py'...
Compiling './pip-venv-amd64/lib/python3.13/site-packages/gevent/tests/test__refcount.py'...
Compiling './pip-venv-amd64/lib/python3.13/site-packages/gevent/tests/test__refcount_core.py'...
Compiling './pip-venv-amd64/lib/python3.13/site-packages/gevent/tests/test__resolver_dnspython.py'...
Compiling './pip-venv-amd64/lib/python3.13/site-packages/gevent/tests/test__select.py'...
Compiling './pip-venv-amd64/lib/python3.13/site-packages/gevent/tests/test__selectors.py'...
Compiling './pip-venv-amd64/lib/python3.13/site-packages/gevent/tests/test__semaphore.py'...
Compiling './pip-venv-amd64/lib/python3.13/site-packages/gevent/tests/test__server.py'...
Compiling './pip-venv-amd64/lib/python3.13/site-packages/gevent/tests/test__server_pywsgi.py'...
Compiling './pip-venv-amd64/lib/python3.13/site-packages/gevent/tests/test__signal.py'...
Compiling './pip-venv-amd64/lib/python3.13/site-packages/gevent/tests/test__sleep0.py'...
Compiling './pip-venv-amd64/lib/python3.13/site-packages/gevent/tests/test__socket.py'...
Compiling './pip-venv-amd64/lib/python3.13/site-packages/gevent/tests/test__socket_close.py'...
Compiling './pip-venv-amd64/lib/python3.13/site-packages/gevent/tests/test__socket_dns.py'...
Compiling './pip-venv-amd64/lib/python3.13/site-packages/gevent/tests/test__socket_dns6.py'...
Compiling './pip-venv-amd64/lib/python3.13/site-packages/gevent/tests/test__socket_errors.py'...
Compiling './pip-venv-amd64/lib/python3.13/site-packages/gevent/tests/test__socket_ex.py'...
Compiling './pip-venv-amd64/lib/python3.13/site-packages/gevent/tests/test__socket_send_memoryview.py'...
Compiling './pip-venv-amd64/lib/python3.13/site-packages/gevent/tests/test__socket_ssl.py'...
Compiling './pip-venv-amd64/lib/python3.13/site-packages/gevent/tests/test__socket_timeout.py'...
Compiling './pip-venv-amd64/lib/python3.13/site-packages/gevent/tests/test__socketpair.py'...
Compiling './pip-venv-amd64/lib/python3.13/site-packages/gevent/tests/test__ssl.py'...
Compiling './pip-venv-amd64/lib/python3.13/site-packages/gevent/tests/test__subprocess.py'...
Compiling './pip-venv-amd64/lib/python3.13/site-packages/gevent/tests/test__subprocess_interrupted.py'...
Compiling './pip-venv-amd64/lib/python3.13/site-packages/gevent/tests/test__subprocess_poll.py'...
Compiling './pip-venv-amd64/lib/python3.13/site-packages/gevent/tests/test__systemerror.py'...
Compiling './pip-venv-amd64/lib/python3.13/site-packages/gevent/tests/test__thread.py'...
Compiling './pip-venv-amd64/lib/python3.13/site-packages/gevent/tests/test__threading.py'...
Compiling './pip-venv-amd64/lib/python3.13/site-packages/gevent/tests/test__threading_2.py'...
Compiling './pip-venv-amd64/lib/python3.13/site-packages/gevent/tests/test__threading_before_monkey.py'...
Compiling './pip-venv-amd64/lib/python3.13/site-packages/gevent/tests/test__threading_fork_from_dummy.py'...
Compiling './pip-venv-amd64/lib/python3.13/site-packages/gevent/tests/test__threading_holding_lock_while_monkey.py'...
Compiling './pip-venv-amd64/lib/python3.13/site-packages/gevent/tests/test__threading_monkey_in_thread.py'...
Compiling './pip-venv-amd64/lib/python3.13/site-packages/gevent/tests/test__threading_native_before_monkey.py'...
Compiling './pip-venv-amd64/lib/python3.13/site-packages/gevent/tests/test__threading_no_monkey.py'...
Compiling './pip-venv-amd64/lib/python3.13/site-packages/gevent/tests/test__threading_patched_local.py'...
Compiling './pip-venv-amd64/lib/python3.13/site-packages/gevent/tests/test__threading_vs_settrace.py'...
Compiling './pip-venv-amd64/lib/python3.13/site-packages/gevent/tests/test__threadpool.py'...
Compiling './pip-venv-amd64/lib/python3.13/site-packages/gevent/tests/test__threadpool_executor_patched.py'...
Compiling './pip-venv-amd64/lib/python3.13/site-packages/gevent/tests/test__timeout.py'...
Compiling './pip-venv-amd64/lib/python3.13/site-packages/gevent/tests/test__util.py'...
Compiling './pip-venv-amd64/lib/python3.13/site-packages/gevent/thread.py'...
Compiling './pip-venv-amd64/lib/python3.13/site-packages/gevent/threading.py'...
Compiling './pip-venv-amd64/lib/python3.13/site-packages/gevent/threadpool.py'...
Compiling './pip-venv-amd64/lib/python3.13/site-packages/gevent/time.py'...
Compiling './pip-venv-amd64/lib/python3.13/site-packages/gevent/timeout.py'...
Compiling './pip-venv-amd64/lib/python3.13/site-packages/gevent/util.py'...
Compiling './pip-venv-amd64/lib/python3.13/site-packages/gevent/win32util.py'...
Listing './pip-venv-amd64/lib/python3.13/site-packages/gevent-25.9.1.dist-info'...
Listing './pip-venv-amd64/lib/python3.13/site-packages/gevent-25.9.1.dist-info/licenses'...
Listing './pip-venv-amd64/lib/python3.13/site-packages/gevent_websocket-0.10.1.dist-info'...
Listing './pip-venv-amd64/lib/python3.13/site-packages/geventwebsocket'...
Compiling './pip-venv-amd64/lib/python3.13/site-packages/geventwebsocket/__init__.py'...
Compiling './pip-venv-amd64/lib/python3.13/site-packages/geventwebsocket/_compat.py'...
Compiling './pip-venv-amd64/lib/python3.13/site-packages/geventwebsocket/exceptions.py'...
Listing './pip-venv-amd64/lib/python3.13/site-packages/geventwebsocket/gunicorn'...
Compiling './pip-venv-amd64/lib/python3.13/site-packages/geventwebsocket/gunicorn/__init__.py'...
Compiling './pip-venv-amd64/lib/python3.13/site-packages/geventwebsocket/gunicorn/workers.py'...
Compiling './pip-venv-amd64/lib/python3.13/site-packages/geventwebsocket/handler.py'...
Compiling './pip-venv-amd64/lib/python3.13/site-packages/geventwebsocket/logging.py'...
Listing './pip-venv-amd64/lib/python3.13/site-packages/geventwebsocket/protocols'...
Compiling './pip-venv-amd64/lib/python3.13/site-packages/geventwebsocket/protocols/__init__.py'...
Compiling './pip-venv-amd64/lib/python3.13/site-packages/geventwebsocket/protocols/base.py'...
Compiling './pip-venv-amd64/lib/python3.13/site-packages/geventwebsocket/protocols/wamp.py'...
Compiling './pip-venv-amd64/lib/python3.13/site-packages/geventwebsocket/resource.py'...
Compiling './pip-venv-amd64/lib/python3.13/site-packages/geventwebsocket/server.py'...
Compiling './pip-venv-amd64/lib/python3.13/site-packages/geventwebsocket/utf8validator.py'...
Compiling './pip-venv-amd64/lib/python3.13/site-packages/geventwebsocket/utils.py'...
Compiling './pip-venv-amd64/lib/python3.13/site-packages/geventwebsocket/websocket.py'...
Listing './pip-venv-amd64/lib/python3.13/site-packages/greenlet'...
Compiling './pip-venv-amd64/lib/python3.13/site-packages/greenlet/__init__.py'...
Listing './pip-venv-amd64/lib/python3.13/site-packages/greenlet/platform'...
Compiling './pip-venv-amd64/lib/python3.13/site-packages/greenlet/platform/__init__.py'...
Listing './pip-venv-amd64/lib/python3.13/site-packages/greenlet/tests'...
Compiling './pip-venv-amd64/lib/python3.13/site-packages/greenlet/tests/__init__.py'...
Compiling './pip-venv-amd64/lib/python3.13/site-packages/greenlet/tests/fail_clearing_run_switches.py'...
Compiling './pip-venv-amd64/lib/python3.13/site-packages/greenlet/tests/fail_cpp_exception.py'...
Compiling './pip-venv-amd64/lib/python3.13/site-packages/greenlet/tests/fail_initialstub_already_started.py'...
Compiling './pip-venv-amd64/lib/python3.13/site-packages/greenlet/tests/fail_slp_switch.py'...
Compiling './pip-venv-amd64/lib/python3.13/site-packages/greenlet/tests/fail_switch_three_greenlets.py'...
Compiling './pip-venv-amd64/lib/python3.13/site-packages/greenlet/tests/fail_switch_three_greenlets2.py'...
Compiling './pip-venv-amd64/lib/python3.13/site-packages/greenlet/tests/fail_switch_two_greenlets.py'...
Compiling './pip-venv-amd64/lib/python3.13/site-packages/greenlet/tests/leakcheck.py'...
Compiling './pip-venv-amd64/lib/python3.13/site-packages/greenlet/tests/test_contextvars.py'...
Compiling './pip-venv-amd64/lib/python3.13/site-packages/greenlet/tests/test_cpp.py'...
Compiling './pip-venv-amd64/lib/python3.13/site-packages/greenlet/tests/test_extension_interface.py'...
Compiling './pip-venv-amd64/lib/python3.13/site-packages/greenlet/tests/test_gc.py'...
Compiling './pip-venv-amd64/lib/python3.13/site-packages/greenlet/tests/test_generator.py'...
Compiling './pip-venv-amd64/lib/python3.13/site-packages/greenlet/tests/test_generator_nested.py'...
Compiling './pip-venv-amd64/lib/python3.13/site-packages/greenlet/tests/test_greenlet.py'...
Compiling './pip-venv-amd64/lib/python3.13/site-packages/greenlet/tests/test_greenlet_trash.py'...
Compiling './pip-venv-amd64/lib/python3.13/site-packages/greenlet/tests/test_leaks.py'...
Compiling './pip-venv-amd64/lib/python3.13/site-packages/greenlet/tests/test_stack_saved.py'...
Compiling './pip-venv-amd64/lib/python3.13/site-packages/greenlet/tests/test_throw.py'...
Compiling './pip-venv-amd64/lib/python3.13/site-packages/greenlet/tests/test_tracing.py'...
Compiling './pip-venv-amd64/lib/python3.13/site-packages/greenlet/tests/test_version.py'...
Compiling './pip-venv-amd64/lib/python3.13/site-packages/greenlet/tests/test_weakref.py'...
Listing './pip-venv-amd64/lib/python3.13/site-packages/greenlet-3.2.4.dist-info'...
Listing './pip-venv-amd64/lib/python3.13/site-packages/greenlet-3.2.4.dist-info/licenses'...
Listing './pip-venv-amd64/lib/python3.13/site-packages/h11'...
Compiling './pip-venv-amd64/lib/python3.13/site-packages/h11/__init__.py'...
Compiling './pip-venv-amd64/lib/python3.13/site-packages/h11/_abnf.py'...
Compiling './pip-venv-amd64/lib/python3.13/site-packages/h11/_connection.py'...
Compiling './pip-venv-amd64/lib/python3.13/site-packages/h11/_events.py'...
Compiling './pip-venv-amd64/lib/python3.13/site-packages/h11/_headers.py'...
Compiling './pip-venv-amd64/lib/python3.13/site-packages/h11/_readers.py'...
Compiling './pip-venv-amd64/lib/python3.13/site-packages/h11/_receivebuffer.py'...
Compiling './pip-venv-amd64/lib/python3.13/site-packages/h11/_state.py'...
Compiling './pip-venv-amd64/lib/python3.13/site-packages/h11/_util.py'...
Compiling './pip-venv-amd64/lib/python3.13/site-packages/h11/_version.py'...
Compiling './pip-venv-amd64/lib/python3.13/site-packages/h11/_writers.py'...
Listing './pip-venv-amd64/lib/python3.13/site-packages/h11-0.16.0.dist-info'...
Listing './pip-venv-amd64/lib/python3.13/site-packages/h11-0.16.0.dist-info/licenses'...
Listing './pip-venv-amd64/lib/python3.13/site-packages/httpcore'...
Compiling './pip-venv-amd64/lib/python3.13/site-packages/httpcore/__init__.py'...
Compiling './pip-venv-amd64/lib/python3.13/site-packages/httpcore/_api.py'...
Listing './pip-venv-amd64/lib/python3.13/site-packages/httpcore/_async'...
Compiling './pip-venv-amd64/lib/python3.13/site-packages/httpcore/_async/__init__.py'...
Compiling './pip-venv-amd64/lib/python3.13/site-packages/httpcore/_async/connection.py'...
Compiling './pip-venv-amd64/lib/python3.13/site-packages/httpcore/_async/connection_pool.py'...
Compiling './pip-venv-amd64/lib/python3.13/site-packages/httpcore/_async/http11.py'...
Compiling './pip-venv-amd64/lib/python3.13/site-packages/httpcore/_async/http2.py'...
Compiling './pip-venv-amd64/lib/python3.13/site-packages/httpcore/_async/http_proxy.py'...
Compiling './pip-venv-amd64/lib/python3.13/site-packages/httpcore/_async/interfaces.py'...
Compiling './pip-venv-amd64/lib/python3.13/site-packages/httpcore/_async/socks_proxy.py'...
Listing './pip-venv-amd64/lib/python3.13/site-packages/httpcore/_backends'...
Compiling './pip-venv-amd64/lib/python3.13/site-packages/httpcore/_backends/__init__.py'...
Compiling './pip-venv-amd64/lib/python3.13/site-packages/httpcore/_backends/anyio.py'...
Compiling './pip-venv-amd64/lib/python3.13/site-packages/httpcore/_backends/auto.py'...
Compiling './pip-venv-amd64/lib/python3.13/site-packages/httpcore/_backends/base.py'...
Compiling './pip-venv-amd64/lib/python3.13/site-packages/httpcore/_backends/mock.py'...
Compiling './pip-venv-amd64/lib/python3.13/site-packages/httpcore/_backends/sync.py'...
Compiling './pip-venv-amd64/lib/python3.13/site-packages/httpcore/_backends/trio.py'...
Compiling './pip-venv-amd64/lib/python3.13/site-packages/httpcore/_exceptions.py'...
Compiling './pip-venv-amd64/lib/python3.13/site-packages/httpcore/_models.py'...
Compiling './pip-venv-amd64/lib/python3.13/site-packages/httpcore/_ssl.py'...
Listing './pip-venv-amd64/lib/python3.13/site-packages/httpcore/_sync'...
Compiling './pip-venv-amd64/lib/python3.13/site-packages/httpcore/_sync/__init__.py'...
Compiling './pip-venv-amd64/lib/python3.13/site-packages/httpcore/_sync/connection.py'...
Compiling './pip-venv-amd64/lib/python3.13/site-packages/httpcore/_sync/connection_pool.py'...
Compiling './pip-venv-amd64/lib/python3.13/site-packages/httpcore/_sync/http11.py'...
Compiling './pip-venv-amd64/lib/python3.13/site-packages/httpcore/_sync/http2.py'...
Compiling './pip-venv-amd64/lib/python3.13/site-packages/httpcore/_sync/http_proxy.py'...
Compiling './pip-venv-amd64/lib/python3.13/site-packages/httpcore/_sync/interfaces.py'...
Compiling './pip-venv-amd64/lib/python3.13/site-packages/httpcore/_sync/socks_proxy.py'...
Compiling './pip-venv-amd64/lib/python3.13/site-packages/httpcore/_synchronization.py'...
Compiling './pip-venv-amd64/lib/python3.13/site-packages/httpcore/_trace.py'...
Compiling './pip-venv-amd64/lib/python3.13/site-packages/httpcore/_utils.py'...
Listing './pip-venv-amd64/lib/python3.13/site-packages/httpcore-1.0.9.dist-info'...
Listing './pip-venv-amd64/lib/python3.13/site-packages/httpcore-1.0.9.dist-info/licenses'...
Listing './pip-venv-amd64/lib/python3.13/site-packages/httptools'...
Compiling './pip-venv-amd64/lib/python3.13/site-packages/httptools/__init__.py'...
Compiling './pip-venv-amd64/lib/python3.13/site-packages/httptools/_version.py'...
Listing './pip-venv-amd64/lib/python3.13/site-packages/httptools/parser'...
Compiling './pip-venv-amd64/lib/python3.13/site-packages/httptools/parser/__init__.py'...
Compiling './pip-venv-amd64/lib/python3.13/site-packages/httptools/parser/errors.py'...
Compiling './pip-venv-amd64/lib/python3.13/site-packages/httptools/parser/protocol.py'...
Listing './pip-venv-amd64/lib/python3.13/site-packages/httptools-0.7.1.dist-info'...
Listing './pip-venv-amd64/lib/python3.13/site-packages/httptools-0.7.1.dist-info/licenses'...
Listing './pip-venv-amd64/lib/python3.13/site-packages/httpx'...
Compiling './pip-venv-amd64/lib/python3.13/site-packages/httpx/__init__.py'...
Compiling './pip-venv-amd64/lib/python3.13/site-packages/httpx/__version__.py'...
Compiling './pip-venv-amd64/lib/python3.13/site-packages/httpx/_api.py'...
Compiling './pip-venv-amd64/lib/python3.13/site-packages/httpx/_auth.py'...
Compiling './pip-venv-amd64/lib/python3.13/site-packages/httpx/_client.py'...
Compiling './pip-venv-amd64/lib/python3.13/site-packages/httpx/_config.py'...
Compiling './pip-venv-amd64/lib/python3.13/site-packages/httpx/_content.py'...
Compiling './pip-venv-amd64/lib/python3.13/site-packages/httpx/_decoders.py'...
Compiling './pip-venv-amd64/lib/python3.13/site-packages/httpx/_exceptions.py'...
Compiling './pip-venv-amd64/lib/python3.13/site-packages/httpx/_main.py'...
Compiling './pip-venv-amd64/lib/python3.13/site-packages/httpx/_models.py'...
Compiling './pip-venv-amd64/lib/python3.13/site-packages/httpx/_multipart.py'...
Compiling './pip-venv-amd64/lib/python3.13/site-packages/httpx/_status_codes.py'...
Listing './pip-venv-amd64/lib/python3.13/site-packages/httpx/_transports'...
Compiling './pip-venv-amd64/lib/python3.13/site-packages/httpx/_transports/__init__.py'...
Compiling './pip-venv-amd64/lib/python3.13/site-packages/httpx/_transports/asgi.py'...
Compiling './pip-venv-amd64/lib/python3.13/site-packages/httpx/_transports/base.py'...
Compiling './pip-venv-amd64/lib/python3.13/site-packages/httpx/_transports/default.py'...
Compiling './pip-venv-amd64/lib/python3.13/site-packages/httpx/_transports/mock.py'...
Compiling './pip-venv-amd64/lib/python3.13/site-packages/httpx/_transports/wsgi.py'...
Compiling './pip-venv-amd64/lib/python3.13/site-packages/httpx/_types.py'...
Compiling './pip-venv-amd64/lib/python3.13/site-packages/httpx/_urlparse.py'...
Compiling './pip-venv-amd64/lib/python3.13/site-packages/httpx/_urls.py'...
Compiling './pip-venv-amd64/lib/python3.13/site-packages/httpx/_utils.py'...
Listing './pip-venv-amd64/lib/python3.13/site-packages/httpx-0.28.1.dist-info'...
Listing './pip-venv-amd64/lib/python3.13/site-packages/httpx-0.28.1.dist-info/licenses'...
Listing './pip-venv-amd64/lib/python3.13/site-packages/idna'...
Compiling './pip-venv-amd64/lib/python3.13/site-packages/idna/__init__.py'...
Compiling './pip-venv-amd64/lib/python3.13/site-packages/idna/codec.py'...
Compiling './pip-venv-amd64/lib/python3.13/site-packages/idna/compat.py'...
Compiling './pip-venv-amd64/lib/python3.13/site-packages/idna/core.py'...
Compiling './pip-venv-amd64/lib/python3.13/site-packages/idna/idnadata.py'...
Compiling './pip-venv-amd64/lib/python3.13/site-packages/idna/intranges.py'...
Compiling './pip-venv-amd64/lib/python3.13/site-packages/idna/package_data.py'...
Compiling './pip-venv-amd64/lib/python3.13/site-packages/idna/uts46data.py'...
Listing './pip-venv-amd64/lib/python3.13/site-packages/idna-3.11.dist-info'...
Listing './pip-venv-amd64/lib/python3.13/site-packages/idna-3.11.dist-info/licenses'...
Listing './pip-venv-amd64/lib/python3.13/site-packages/itsdangerous'...
Compiling './pip-venv-amd64/lib/python3.13/site-packages/itsdangerous/__init__.py'...
Compiling './pip-venv-amd64/lib/python3.13/site-packages/itsdangerous/_json.py'...
Compiling './pip-venv-amd64/lib/python3.13/site-packages/itsdangerous/encoding.py'...
Compiling './pip-venv-amd64/lib/python3.13/site-packages/itsdangerous/exc.py'...
Compiling './pip-venv-amd64/lib/python3.13/site-packages/itsdangerous/serializer.py'...
Compiling './pip-venv-amd64/lib/python3.13/site-packages/itsdangerous/signer.py'...
Compiling './pip-venv-amd64/lib/python3.13/site-packages/itsdangerous/timed.py'...
Compiling './pip-venv-amd64/lib/python3.13/site-packages/itsdangerous/url_safe.py'...
Listing './pip-venv-amd64/lib/python3.13/site-packages/itsdangerous-2.2.0.dist-info'...
Listing './pip-venv-amd64/lib/python3.13/site-packages/jinja2'...
Compiling './pip-venv-amd64/lib/python3.13/site-packages/jinja2/__init__.py'...
Compiling './pip-venv-amd64/lib/python3.13/site-packages/jinja2/_identifier.py'...
Compiling './pip-venv-amd64/lib/python3.13/site-packages/jinja2/async_utils.py'...
Compiling './pip-venv-amd64/lib/python3.13/site-packages/jinja2/bccache.py'...
Compiling './pip-venv-amd64/lib/python3.13/site-packages/jinja2/compiler.py'...
Compiling './pip-venv-amd64/lib/python3.13/site-packages/jinja2/constants.py'...
Compiling './pip-venv-amd64/lib/python3.13/site-packages/jinja2/debug.py'...
Compiling './pip-venv-amd64/lib/python3.13/site-packages/jinja2/defaults.py'...
Compiling './pip-venv-amd64/lib/python3.13/site-packages/jinja2/environment.py'...
Compiling './pip-venv-amd64/lib/python3.13/site-packages/jinja2/exceptions.py'...
Compiling './pip-venv-amd64/lib/python3.13/site-packages/jinja2/ext.py'...
Compiling './pip-venv-amd64/lib/python3.13/site-packages/jinja2/filters.py'...
Compiling './pip-venv-amd64/lib/python3.13/site-packages/jinja2/idtracking.py'...
Compiling './pip-venv-amd64/lib/python3.13/site-packages/jinja2/lexer.py'...
Compiling './pip-venv-amd64/lib/python3.13/site-packages/jinja2/loaders.py'...
Compiling './pip-venv-amd64/lib/python3.13/site-packages/jinja2/meta.py'...
Compiling './pip-venv-amd64/lib/python3.13/site-packages/jinja2/nativetypes.py'...
Compiling './pip-venv-amd64/lib/python3.13/site-packages/jinja2/nodes.py'...
Compiling './pip-venv-amd64/lib/python3.13/site-packages/jinja2/optimizer.py'...
Compiling './pip-venv-amd64/lib/python3.13/site-packages/jinja2/parser.py'...
Compiling './pip-venv-amd64/lib/python3.13/site-packages/jinja2/runtime.py'...
Compiling './pip-venv-amd64/lib/python3.13/site-packages/jinja2/sandbox.py'...
Compiling './pip-venv-amd64/lib/python3.13/site-packages/jinja2/tests.py'...
Compiling './pip-venv-amd64/lib/python3.13/site-packages/jinja2/utils.py'...
Compiling './pip-venv-amd64/lib/python3.13/site-packages/jinja2/visitor.py'...
Listing './pip-venv-amd64/lib/python3.13/site-packages/jinja2-3.1.6.dist-info'...
Listing './pip-venv-amd64/lib/python3.13/site-packages/jinja2-3.1.6.dist-info/licenses'..../pip-venv-amd64/lib/python3.13/site-packages/nose/config.py:159: SyntaxWarning: invalid escape sequence '\.'
  self.ignoreFiles = (re.compile(r'^\.'),
./pip-venv-amd64/lib/python3.13/site-packages/nose/ext/dtcompat.py:686: SyntaxWarning: invalid escape sequence '\S'
  _INDENT_RE = re.compile('^([ ]*)(?=\S)', re.MULTILINE)
./pip-venv-amd64/lib/python3.13/site-packages/nose/ext/dtcompat.py:1021: SyntaxWarning: invalid escape sequence '\s'
  pat = re.compile('(^|.*:)\s*\w*("|\')')
./pip-venv-amd64/lib/python3.13/site-packages/nose/ext/dtcompat.py:1430: SyntaxWarning: invalid escape sequence '\s'
  want = re.sub('(?m)^%s\s*?$' % re.escape(BLANKLINE_MARKER),
./pip-venv-amd64/lib/python3.13/site-packages/nose/ext/dtcompat.py:1434: SyntaxWarning: invalid escape sequence '\s'
  got = re.sub('(?m)^\s*?$', '', got)
./pip-venv-amd64/lib/python3.13/site-packages/nose/inspector.py:116: SyntaxWarning: invalid escape sequence '\ '
  Walk forward up to 3 lines, counting \ separated lines as 1. Don't walk

Listing './pip-venv-amd64/lib/python3.13/site-packages/libarchive'...
Compiling './pip-venv-amd64/lib/python3.13/site-packages/libarchive/__init__.py'...
Listing './pip-venv-amd64/lib/python3.13/site-packages/libarchive/adapters'...
Compiling './pip-venv-amd64/lib/python3.13/site-packages/libarchive/adapters/__init__.py'...
Compiling './pip-venv-amd64/lib/python3.13/site-packages/libarchive/adapters/archive_entry.py'...
Compiling './pip-venv-amd64/lib/python3.13/site-packages/libarchive/adapters/archive_read.py'...
Compiling './pip-venv-amd64/lib/python3.13/site-packages/libarchive/adapters/archive_read_append_filter.py'...
Compiling './pip-venv-amd64/lib/python3.13/site-packages/libarchive/adapters/archive_read_set_format.py'...
Compiling './pip-venv-amd64/lib/python3.13/site-packages/libarchive/adapters/archive_read_support_filter_all.py'...
Compiling './pip-venv-amd64/lib/python3.13/site-packages/libarchive/adapters/archive_read_support_format_all.py'...
Compiling './pip-venv-amd64/lib/python3.13/site-packages/libarchive/adapters/archive_write.py'...
Compiling './pip-venv-amd64/lib/python3.13/site-packages/libarchive/adapters/archive_write_add_filter.py'...
Compiling './pip-venv-amd64/lib/python3.13/site-packages/libarchive/adapters/archive_write_set_format.py'...
Listing './pip-venv-amd64/lib/python3.13/site-packages/libarchive/calls'...
Compiling './pip-venv-amd64/lib/python3.13/site-packages/libarchive/calls/__init__.py'...
Compiling './pip-venv-amd64/lib/python3.13/site-packages/libarchive/calls/archive_entry.py'...
Compiling './pip-venv-amd64/lib/python3.13/site-packages/libarchive/calls/archive_general.py'...
Compiling './pip-venv-amd64/lib/python3.13/site-packages/libarchive/calls/archive_read.py'...
Compiling './pip-venv-amd64/lib/python3.13/site-packages/libarchive/calls/archive_read_append_filter.py'...
Compiling './pip-venv-amd64/lib/python3.13/site-packages/libarchive/calls/archive_read_set_format.py'...
Compiling './pip-venv-amd64/lib/python3.13/site-packages/libarchive/calls/archive_read_support_filter_all.py'...
Compiling './pip-venv-amd64/lib/python3.13/site-packages/libarchive/calls/archive_read_support_format_all.py'...
Compiling './pip-venv-amd64/lib/python3.13/site-packages/libarchive/calls/archive_write.py'...
Compiling './pip-venv-amd64/lib/python3.13/site-packages/libarchive/calls/archive_write_add_filter.py'...
Compiling './pip-venv-amd64/lib/python3.13/site-packages/libarchive/calls/archive_write_set_format.py'...
Listing './pip-venv-amd64/lib/python3.13/site-packages/libarchive/constants'...
Compiling './pip-venv-amd64/lib/python3.13/site-packages/libarchive/constants/__init__.py'...
Compiling './pip-venv-amd64/lib/python3.13/site-packages/libarchive/constants/archive.py'...
Compiling './pip-venv-amd64/lib/python3.13/site-packages/libarchive/constants/archive_entry.py'...
Compiling './pip-venv-amd64/lib/python3.13/site-packages/libarchive/entry.py'...
Compiling './pip-venv-amd64/lib/python3.13/site-packages/libarchive/exception.py'...
Compiling './pip-venv-amd64/lib/python3.13/site-packages/libarchive/extract.py'...
Compiling './pip-venv-amd64/lib/python3.13/site-packages/libarchive/ffi.py'...
Compiling './pip-venv-amd64/lib/python3.13/site-packages/libarchive/flags.py'...
Compiling './pip-venv-amd64/lib/python3.13/site-packages/libarchive/library.py'...
Compiling './pip-venv-amd64/lib/python3.13/site-packages/libarchive/log.py'...
Compiling './pip-venv-amd64/lib/python3.13/site-packages/libarchive/public.py'...
Compiling './pip-venv-amd64/lib/python3.13/site-packages/libarchive/read.py'...
Listing './pip-venv-amd64/lib/python3.13/site-packages/libarchive/resources'...
Compiling './pip-venv-amd64/lib/python3.13/site-packages/libarchive/test_support.py'...
Listing './pip-venv-amd64/lib/python3.13/site-packages/libarchive/types'...
Compiling './pip-venv-amd64/lib/python3.13/site-packages/libarchive/types/__init__.py'...
Compiling './pip-venv-amd64/lib/python3.13/site-packages/libarchive/types/archive.py'...
Compiling './pip-venv-amd64/lib/python3.13/site-packages/libarchive/types/archive_entry.py'...
Compiling './pip-venv-amd64/lib/python3.13/site-packages/libarchive/write.py'...
Listing './pip-venv-amd64/lib/python3.13/site-packages/libarchive-0.4.7.dist-info'...
Listing './pip-venv-amd64/lib/python3.13/site-packages/libarchive-0.4.7.dist-info/licenses'...
Listing './pip-venv-amd64/lib/python3.13/site-packages/libarchive_c-5.3.dist-info'...
Listing './pip-venv-amd64/lib/python3.13/site-packages/libarchive_c-5.3.dist-info/licenses'...
Listing './pip-venv-amd64/lib/python3.13/site-packages/markupsafe'...
Compiling './pip-venv-amd64/lib/python3.13/site-packages/markupsafe/__init__.py'...
Compiling './pip-venv-amd64/lib/python3.13/site-packages/markupsafe/_native.py'...
Listing './pip-venv-amd64/lib/python3.13/site-packages/markupsafe-3.0.3.dist-info'...
Listing './pip-venv-amd64/lib/python3.13/site-packages/markupsafe-3.0.3.dist-info/licenses'...
Listing './pip-venv-amd64/lib/python3.13/site-packages/nose'...
Compiling './pip-venv-amd64/lib/python3.13/site-packages/nose/__init__.py'...
Compiling './pip-venv-amd64/lib/python3.13/site-packages/nose/__main__.py'...
Compiling './pip-venv-amd64/lib/python3.13/site-packages/nose/case.py'...
Compiling './pip-venv-amd64/lib/python3.13/site-packages/nose/commands.py'...
Compiling './pip-venv-amd64/lib/python3.13/site-packages/nose/config.py'...
Compiling './pip-venv-amd64/lib/python3.13/site-packages/nose/core.py'...
Compiling './pip-venv-amd64/lib/python3.13/site-packages/nose/exc.py'...
Listing './pip-venv-amd64/lib/python3.13/site-packages/nose/ext'...
Compiling './pip-venv-amd64/lib/python3.13/site-packages/nose/ext/__init__.py'...
Compiling './pip-venv-amd64/lib/python3.13/site-packages/nose/ext/dtcompat.py'...
Compiling './pip-venv-amd64/lib/python3.13/site-packages/nose/failure.py'...
Compiling './pip-venv-amd64/lib/python3.13/site-packages/nose/importer.py'...
Compiling './pip-venv-amd64/lib/python3.13/site-packages/nose/inspector.py'...
Compiling './pip-venv-amd64/lib/python3.13/site-packages/nose/loader.py'...
Listing './pip-venv-amd64/lib/python3.13/site-packages/nose/plugins'...
Compiling './pip-venv-amd64/lib/python3.13/site-packages/nose/plugins/__init__.py'...
Compiling './pip-venv-amd64/lib/python3.13/site-packages/nose/plugins/allmodules.py'...
Compiling './pip-venv-amd64/lib/python3.13/site-packages/nose/plugins/attrib.py'...
Compiling './pip-venv-amd64/lib/python3.13/site-packages/nose/plugins/base.py'...
Compiling './pip-venv-amd64/lib/python3.13/site-packages/nose/plugins/builtin.py'...
Compiling './pip-venv-amd64/lib/python3.13/site-packages/nose/plugins/capture.py'...
Compiling './pip-venv-amd64/lib/python3.13/site-packages/nose/plugins/collect.py'...
Compiling './pip-venv-amd64/lib/python3.13/site-packages/nose/plugins/cover.py'...
Compiling './pip-venv-amd64/lib/python3.13/site-packages/nose/plugins/debug.py'...
Compiling './pip-venv-amd64/lib/python3.13/site-packages/nose/plugins/deprecated.py'...
Compiling './pip-venv-amd64/lib/python3.13/site-packages/nose/plugins/doctests.py'...
Compiling './pip-venv-amd64/lib/python3.13/site-packages/nose/plugins/errorclass.py'...
Compiling './pip-venv-amd64/lib/python3.13/site-packages/nose/plugins/failuredetail.py'...
Compiling './pip-venv-amd64/lib/python3.13/site-packages/nose/plugins/isolate.py'...
Compiling './pip-venv-amd64/lib/python3.13/site-packages/nose/plugins/logcapture.py'...
Compiling './pip-venv-amd64/lib/python3.13/site-packages/nose/plugins/manager.py'...
Compiling './pip-venv-amd64/lib/python3.13/site-packages/nose/plugins/multiprocess.py'...
Compiling './pip-venv-amd64/lib/python3.13/site-packages/nose/plugins/plugintest.py'...
Compiling './pip-venv-amd64/lib/python3.13/site-packages/nose/plugins/prof.py'...
Compiling './pip-venv-amd64/lib/python3.13/site-packages/nose/plugins/skip.py'...
Compiling './pip-venv-amd64/lib/python3.13/site-packages/nose/plugins/testid.py'...
Compiling './pip-venv-amd64/lib/python3.13/site-packages/nose/plugins/xunit.py'...
Compiling './pip-venv-amd64/lib/python3.13/site-packages/nose/proxy.py'...
Compiling './pip-venv-amd64/lib/python3.13/site-packages/nose/pyversion.py'...
Compiling './pip-venv-amd64/lib/python3.13/site-packages/nose/result.py'...
Compiling './pip-venv-amd64/lib/python3.13/site-packages/nose/selector.py'...
Listing './pip-venv-amd64/lib/python3.13/site-packages/nose/sphinx'...
Compiling './pip-venv-amd64/lib/python3.13/site-packages/nose/sphinx/__init__.py'...
Compiling './pip-venv-amd64/lib/python3.13/site-packages/nose/sphinx/pluginopts.py'...
Compiling './pip-venv-amd64/lib/python3.13/site-packages/nose/suite.py'...
Listing './pip-venv-amd64/lib/python3.13/site-packages/nose/tools'...
Compiling './pip-venv-amd64/lib/python3.13/site-packages/nose/tools/__init__.py'...
Compiling './pip-venv-amd64/lib/python3.13/site-packages/nose/tools/nontrivial.py'...
Compiling './pip-venv-amd64/lib/python3.13/site-packages/nose/tools/trivial.py'...
Compiling './pip-venv-amd64/lib/python3.13/site-packages/nose/twistedtools.py'...
Compiling './pip-venv-amd64/lib/python3.13/site-packages/nose/util.py'...
Listing './pip-venv-amd64/lib/python3.13/site-packages/nose-1.3.7.dist-info'...
Listing './pip-venv-amd64/lib/python3.13/site-packages/pip'...
Compiling './pip-venv-amd64/lib/python3.13/site-packages/pip/__init__.py'...
Compiling './pip-venv-amd64/lib/python3.13/site-packages/pip/__main__.py'...
Compiling './pip-venv-amd64/lib/python3.13/site-packages/pip/__pip-runner__.py'...
Listing './pip-venv-amd64/lib/python3.13/site-packages/pip/_internal'...
Compiling './pip-venv-amd64/lib/python3.13/site-packages/pip/_internal/__init__.py'...
Compiling './pip-venv-amd64/lib/python3.13/site-packages/pip/_internal/build_env.py'...
Compiling './pip-venv-amd64/lib/python3.13/site-packages/pip/_internal/cache.py'...
Listing './pip-venv-amd64/lib/python3.13/site-packages/pip/_internal/cli'...
Compiling './pip-venv-amd64/lib/python3.13/site-packages/pip/_internal/cli/__init__.py'...
Compiling './pip-venv-amd64/lib/python3.13/site-packages/pip/_internal/cli/autocompletion.py'...
Compiling './pip-venv-amd64/lib/python3.13/site-packages/pip/_internal/cli/base_command.py'...
Compiling './pip-venv-amd64/lib/python3.13/site-packages/pip/_internal/cli/cmdoptions.py'...
Compiling './pip-venv-amd64/lib/python3.13/site-packages/pip/_internal/cli/command_context.py'...
Compiling './pip-venv-amd64/lib/python3.13/site-packages/pip/_internal/cli/index_command.py'...
Compiling './pip-venv-amd64/lib/python3.13/site-packages/pip/_internal/cli/main.py'...
Compiling './pip-venv-amd64/lib/python3.13/site-packages/pip/_internal/cli/main_parser.py'...
Compiling './pip-venv-amd64/lib/python3.13/site-packages/pip/_internal/cli/parser.py'...
Compiling './pip-venv-amd64/lib/python3.13/site-packages/pip/_internal/cli/progress_bars.py'...
Compiling './pip-venv-amd64/lib/python3.13/site-packages/pip/_internal/cli/req_command.py'...
Compiling './pip-venv-amd64/lib/python3.13/site-packages/pip/_internal/cli/spinners.py'...
Compiling './pip-venv-amd64/lib/python3.13/site-packages/pip/_internal/cli/status_codes.py'...
Listing './pip-venv-amd64/lib/python3.13/site-packages/pip/_internal/commands'...
Compiling './pip-venv-amd64/lib/python3.13/site-packages/pip/_internal/commands/__init__.py'...
Compiling './pip-venv-amd64/lib/python3.13/site-packages/pip/_internal/commands/cache.py'...
Compiling './pip-venv-amd64/lib/python3.13/site-packages/pip/_internal/commands/check.py'...
Compiling './pip-venv-amd64/lib/python3.13/site-packages/pip/_internal/commands/completion.py'...
Compiling './pip-venv-amd64/lib/python3.13/site-packages/pip/_internal/commands/configuration.py'...
Compiling './pip-venv-amd64/lib/python3.13/site-packages/pip/_internal/commands/debug.py'...
Compiling './pip-venv-amd64/lib/python3.13/site-packages/pip/_internal/commands/download.py'...
Compiling './pip-venv-amd64/lib/python3.13/site-packages/pip/_internal/commands/freeze.py'...
Compiling './pip-venv-amd64/lib/python3.13/site-packages/pip/_internal/commands/hash.py'...
Compiling './pip-venv-amd64/lib/python3.13/site-packages/pip/_internal/commands/help.py'...
Compiling './pip-venv-amd64/lib/python3.13/site-packages/pip/_internal/commands/index.py'...
Compiling './pip-venv-amd64/lib/python3.13/site-packages/pip/_internal/commands/inspect.py'...
Compiling './pip-venv-amd64/lib/python3.13/site-packages/pip/_internal/commands/install.py'...
Compiling './pip-venv-amd64/lib/python3.13/site-packages/pip/_internal/commands/list.py'...
Compiling './pip-venv-amd64/lib/python3.13/site-packages/pip/_internal/commands/lock.py'...
Compiling './pip-venv-amd64/lib/python3.13/site-packages/pip/_internal/commands/search.py'...
Compiling './pip-venv-amd64/lib/python3.13/site-packages/pip/_internal/commands/show.py'...
Compiling './pip-venv-amd64/lib/python3.13/site-packages/pip/_internal/commands/uninstall.py'...
Compiling './pip-venv-amd64/lib/python3.13/site-packages/pip/_internal/commands/wheel.py'...
Compiling './pip-venv-amd64/lib/python3.13/site-packages/pip/_internal/configuration.py'...
Listing './pip-venv-amd64/lib/python3.13/site-packages/pip/_internal/distributions'...
Compiling './pip-venv-amd64/lib/python3.13/site-packages/pip/_internal/distributions/__init__.py'...
Compiling './pip-venv-amd64/lib/python3.13/site-packages/pip/_internal/distributions/base.py'...
Compiling './pip-venv-amd64/lib/python3.13/site-packages/pip/_internal/distributions/installed.py'...
Compiling './pip-venv-amd64/lib/python3.13/site-packages/pip/_internal/distributions/sdist.py'...
Compiling './pip-venv-amd64/lib/python3.13/site-packages/pip/_internal/distributions/wheel.py'...
Compiling './pip-venv-amd64/lib/python3.13/site-packages/pip/_internal/exceptions.py'...
Listing './pip-venv-amd64/lib/python3.13/site-packages/pip/_internal/index'...
Compiling './pip-venv-amd64/lib/python3.13/site-packages/pip/_internal/index/__init__.py'...
Compiling './pip-venv-amd64/lib/python3.13/site-packages/pip/_internal/index/collector.py'...
Compiling './pip-venv-amd64/lib/python3.13/site-packages/pip/_internal/index/package_finder.py'...
Compiling './pip-venv-amd64/lib/python3.13/site-packages/pip/_internal/index/sources.py'...
Listing './pip-venv-amd64/lib/python3.13/site-packages/pip/_internal/locations'...
Compiling './pip-venv-amd64/lib/python3.13/site-packages/pip/_internal/locations/__init__.py'...
Compiling './pip-venv-amd64/lib/python3.13/site-packages/pip/_internal/locations/_distutils.py'...
Compiling './pip-venv-amd64/lib/python3.13/site-packages/pip/_internal/locations/_sysconfig.py'...
Compiling './pip-venv-amd64/lib/python3.13/site-packages/pip/_internal/locations/base.py'...
Compiling './pip-venv-amd64/lib/python3.13/site-packages/pip/_internal/main.py'...
Listing './pip-venv-amd64/lib/python3.13/site-packages/pip/_internal/metadata'...
Compiling './pip-venv-amd64/lib/python3.13/site-packages/pip/_internal/metadata/__init__.py'...
Compiling './pip-venv-amd64/lib/python3.13/site-packages/pip/_internal/metadata/_json.py'...
Compiling './pip-venv-amd64/lib/python3.13/site-packages/pip/_internal/metadata/base.py'...
Listing './pip-venv-amd64/lib/python3.13/site-packages/pip/_internal/metadata/importlib'...
Compiling './pip-venv-amd64/lib/python3.13/site-packages/pip/_internal/metadata/importlib/__init__.py'...
Compiling './pip-venv-amd64/lib/python3.13/site-packages/pip/_internal/metadata/importlib/_compat.py'...
Compiling './pip-venv-amd64/lib/python3.13/site-packages/pip/_internal/metadata/importlib/_dists.py'...
Compiling './pip-venv-amd64/lib/python3.13/site-packages/pip/_internal/metadata/importlib/_envs.py'...
Compiling './pip-venv-amd64/lib/python3.13/site-packages/pip/_internal/metadata/pkg_resources.py'...
Listing './pip-venv-amd64/lib/python3.13/site-packages/pip/_internal/models'...
Compiling './pip-venv-amd64/lib/python3.13/site-packages/pip/_internal/models/__init__.py'...
Compiling './pip-venv-amd64/lib/python3.13/site-packages/pip/_internal/models/candidate.py'...
Compiling './pip-venv-amd64/lib/python3.13/site-packages/pip/_internal/models/direct_url.py'...
Compiling './pip-venv-amd64/lib/python3.13/site-packages/pip/_internal/models/format_control.py'...
Compiling './pip-venv-amd64/lib/python3.13/site-packages/pip/_internal/models/index.py'...
Compiling './pip-venv-amd64/lib/python3.13/site-packages/pip/_internal/models/installation_report.py'...
Compiling './pip-venv-amd64/lib/python3.13/site-packages/pip/_internal/models/link.py'...
Compiling './pip-venv-amd64/lib/python3.13/site-packages/pip/_internal/models/pylock.py'...
Compiling './pip-venv-amd64/lib/python3.13/site-packages/pip/_internal/models/scheme.py'...
Compiling './pip-venv-amd64/lib/python3.13/site-packages/pip/_internal/models/search_scope.py'...
Compiling './pip-venv-amd64/lib/python3.13/site-packages/pip/_internal/models/selection_prefs.py'...
Compiling './pip-venv-amd64/lib/python3.13/site-packages/pip/_internal/models/target_python.py'...
Compiling './pip-venv-amd64/lib/python3.13/site-packages/pip/_internal/models/wheel.py'...
Listing './pip-venv-amd64/lib/python3.13/site-packages/pip/_internal/network'...
Compiling './pip-venv-amd64/lib/python3.13/site-packages/pip/_internal/network/__init__.py'...
Compiling './pip-venv-amd64/lib/python3.13/site-packages/pip/_internal/network/auth.py'...
Compiling './pip-venv-amd64/lib/python3.13/site-packages/pip/_internal/network/cache.py'...
Compiling './pip-venv-amd64/lib/python3.13/site-packages/pip/_internal/network/download.py'...
Compiling './pip-venv-amd64/lib/python3.13/site-packages/pip/_internal/network/lazy_wheel.py'...
Compiling './pip-venv-amd64/lib/python3.13/site-packages/pip/_internal/network/session.py'...
Compiling './pip-venv-amd64/lib/python3.13/site-packages/pip/_internal/network/utils.py'...
Compiling './pip-venv-amd64/lib/python3.13/site-packages/pip/_internal/network/xmlrpc.py'...
Listing './pip-venv-amd64/lib/python3.13/site-packages/pip/_internal/operations'...
Compiling './pip-venv-amd64/lib/python3.13/site-packages/pip/_internal/operations/__init__.py'...
Listing './pip-venv-amd64/lib/python3.13/site-packages/pip/_internal/operations/build'...
Compiling './pip-venv-amd64/lib/python3.13/site-packages/pip/_internal/operations/build/__init__.py'...
Compiling './pip-venv-amd64/lib/python3.13/site-packages/pip/_internal/operations/build/build_tracker.py'...
Compiling './pip-venv-amd64/lib/python3.13/site-packages/pip/_internal/operations/build/metadata.py'...
Compiling './pip-venv-amd64/lib/python3.13/site-packages/pip/_internal/operations/build/metadata_editable.py'...
Compiling './pip-venv-amd64/lib/python3.13/site-packages/pip/_internal/operations/build/metadata_legacy.py'...
Compiling './pip-venv-amd64/lib/python3.13/site-packages/pip/_internal/operations/build/wheel.py'...
Compiling './pip-venv-amd64/lib/python3.13/site-packages/pip/_internal/operations/build/wheel_editable.py'...
Compiling './pip-venv-amd64/lib/python3.13/site-packages/pip/_internal/operations/build/wheel_legacy.py'...
Compiling './pip-venv-amd64/lib/python3.13/site-packages/pip/_internal/operations/check.py'...
Compiling './pip-venv-amd64/lib/python3.13/site-packages/pip/_internal/operations/freeze.py'...
Listing './pip-venv-amd64/lib/python3.13/site-packages/pip/_internal/operations/install'...
Compiling './pip-venv-amd64/lib/python3.13/site-packages/pip/_internal/operations/install/__init__.py'...
Compiling './pip-venv-amd64/lib/python3.13/site-packages/pip/_internal/operations/install/editable_legacy.py'...
Compiling './pip-venv-amd64/lib/python3.13/site-packages/pip/_internal/operations/install/wheel.py'...
Compiling './pip-venv-amd64/lib/python3.13/site-packages/pip/_internal/operations/prepare.py'...
Compiling './pip-venv-amd64/lib/python3.13/site-packages/pip/_internal/pyproject.py'...
Listing './pip-venv-amd64/lib/python3.13/site-packages/pip/_internal/req'...
Compiling './pip-venv-amd64/lib/python3.13/site-packages/pip/_internal/req/__init__.py'...
Compiling './pip-venv-amd64/lib/python3.13/site-packages/pip/_internal/req/constructors.py'...
Compiling './pip-venv-amd64/lib/python3.13/site-packages/pip/_internal/req/req_dependency_group.py'...
Compiling './pip-venv-amd64/lib/python3.13/site-packages/pip/_internal/req/req_file.py'...
Compiling './pip-venv-amd64/lib/python3.13/site-packages/pip/_internal/req/req_install.py'...
Compiling './pip-venv-amd64/lib/python3.13/site-packages/pip/_internal/req/req_set.py'...
Compiling './pip-venv-amd64/lib/python3.13/site-packages/pip/_internal/req/req_uninstall.py'...
Listing './pip-venv-amd64/lib/python3.13/site-packages/pip/_internal/resolution'...
Compiling './pip-venv-amd64/lib/python3.13/site-packages/pip/_internal/resolution/__init__.py'...
Compiling './pip-venv-amd64/lib/python3.13/site-packages/pip/_internal/resolution/base.py'...
Listing './pip-venv-amd64/lib/python3.13/site-packages/pip/_internal/resolution/legacy'...
Compiling './pip-venv-amd64/lib/python3.13/site-packages/pip/_internal/resolution/legacy/__init__.py'...
Compiling './pip-venv-amd64/lib/python3.13/site-packages/pip/_internal/resolution/legacy/resolver.py'...
Listing './pip-venv-amd64/lib/python3.13/site-packages/pip/_internal/resolution/resolvelib'...
Compiling './pip-venv-amd64/lib/python3.13/site-packages/pip/_internal/resolution/resolvelib/__init__.py'...
Compiling './pip-venv-amd64/lib/python3.13/site-packages/pip/_internal/resolution/resolvelib/base.py'...
Compiling './pip-venv-amd64/lib/python3.13/site-packages/pip/_internal/resolution/resolvelib/candidates.py'...
Compiling './pip-venv-amd64/lib/python3.13/site-packages/pip/_internal/resolution/resolvelib/factory.py'...
Compiling './pip-venv-amd64/lib/python3.13/site-packages/pip/_internal/resolution/resolvelib/found_candidates.py'...
Compiling './pip-venv-amd64/lib/python3.13/site-packages/pip/_internal/resolution/resolvelib/provider.py'...
Compiling './pip-venv-amd64/lib/python3.13/site-packages/pip/_internal/resolution/resolvelib/reporter.py'...
Compiling './pip-venv-amd64/lib/python3.13/site-packages/pip/_internal/resolution/resolvelib/requirements.py'...
Compiling './pip-venv-amd64/lib/python3.13/site-packages/pip/_internal/resolution/resolvelib/resolver.py'...
Compiling './pip-venv-amd64/lib/python3.13/site-packages/pip/_internal/self_outdated_check.py'...
Listing './pip-venv-amd64/lib/python3.13/site-packages/pip/_internal/utils'...
Compiling './pip-venv-amd64/lib/python3.13/site-packages/pip/_internal/utils/__init__.py'...
Compiling './pip-venv-amd64/lib/python3.13/site-packages/pip/_internal/utils/_jaraco_text.py'...
Compiling './pip-venv-amd64/lib/python3.13/site-packages/pip/_internal/utils/_log.py'...
Compiling './pip-venv-amd64/lib/python3.13/site-packages/pip/_internal/utils/appdirs.py'...
Compiling './pip-venv-amd64/lib/python3.13/site-packages/pip/_internal/utils/compat.py'...
Compiling './pip-venv-amd64/lib/python3.13/site-packages/pip/_internal/utils/compatibility_tags.py'...
Compiling './pip-venv-amd64/lib/python3.13/site-packages/pip/_internal/utils/datetime.py'...
Compiling './pip-venv-amd64/lib/python3.13/site-packages/pip/_internal/utils/deprecation.py'...
Compiling './pip-venv-amd64/lib/python3.13/site-packages/pip/_internal/utils/direct_url_helpers.py'...
Compiling './pip-venv-amd64/lib/python3.13/site-packages/pip/_internal/utils/egg_link.py'...
Compiling './pip-venv-amd64/lib/python3.13/site-packages/pip/_internal/utils/entrypoints.py'...
Compiling './pip-venv-amd64/lib/python3.13/site-packages/pip/_internal/utils/filesystem.py'...
Compiling './pip-venv-amd64/lib/python3.13/site-packages/pip/_internal/utils/filetypes.py'...
Compiling './pip-venv-amd64/lib/python3.13/site-packages/pip/_internal/utils/glibc.py'...
Compiling './pip-venv-amd64/lib/python3.13/site-packages/pip/_internal/utils/hashes.py'...
Compiling './pip-venv-amd64/lib/python3.13/site-packages/pip/_internal/utils/logging.py'...
Compiling './pip-venv-amd64/lib/python3.13/site-packages/pip/_internal/utils/misc.py'...
Compiling './pip-venv-amd64/lib/python3.13/site-packages/pip/_internal/utils/packaging.py'...
Compiling './pip-venv-amd64/lib/python3.13/site-packages/pip/_internal/utils/retry.py'...
Compiling './pip-venv-amd64/lib/python3.13/site-packages/pip/_internal/utils/setuptools_build.py'...
Compiling './pip-venv-amd64/lib/python3.13/site-packages/pip/_internal/utils/subprocess.py'...
Compiling './pip-venv-amd64/lib/python3.13/site-packages/pip/_internal/utils/temp_dir.py'...
Compiling './pip-venv-amd64/lib/python3.13/site-packages/pip/_internal/utils/unpacking.py'...
Compiling './pip-venv-amd64/lib/python3.13/site-packages/pip/_internal/utils/urls.py'...
Compiling './pip-venv-amd64/lib/python3.13/site-packages/pip/_internal/utils/virtualenv.py'...
Compiling './pip-venv-amd64/lib/python3.13/site-packages/pip/_internal/utils/wheel.py'...
Listing './pip-venv-amd64/lib/python3.13/site-packages/pip/_internal/vcs'...
Compiling './pip-venv-amd64/lib/python3.13/site-packages/pip/_internal/vcs/__init__.py'...
Compiling './pip-venv-amd64/lib/python3.13/site-packages/pip/_internal/vcs/bazaar.py'...
Compiling './pip-venv-amd64/lib/python3.13/site-packages/pip/_internal/vcs/git.py'...
Compiling './pip-venv-amd64/lib/python3.13/site-packages/pip/_internal/vcs/mercurial.py'...
Compiling './pip-venv-amd64/lib/python3.13/site-packages/pip/_internal/vcs/subversion.py'...
Compiling './pip-venv-amd64/lib/python3.13/site-packages/pip/_internal/vcs/versioncontrol.py'...
Compiling './pip-venv-amd64/lib/python3.13/site-packages/pip/_internal/wheel_builder.py'...
Listing './pip-venv-amd64/lib/python3.13/site-packages/pip/_vendor'...
Compiling './pip-venv-amd64/lib/python3.13/site-packages/pip/_vendor/__init__.py'...
Listing './pip-venv-amd64/lib/python3.13/site-packages/pip/_vendor/cachecontrol'...
Compiling './pip-venv-amd64/lib/python3.13/site-packages/pip/_vendor/cachecontrol/__init__.py'...
Compiling './pip-venv-amd64/lib/python3.13/site-packages/pip/_vendor/cachecontrol/_cmd.py'...
Compiling './pip-venv-amd64/lib/python3.13/site-packages/pip/_vendor/cachecontrol/adapter.py'...
Compiling './pip-venv-amd64/lib/python3.13/site-packages/pip/_vendor/cachecontrol/cache.py'...
Listing './pip-venv-amd64/lib/python3.13/site-packages/pip/_vendor/cachecontrol/caches'...
Compiling './pip-venv-amd64/lib/python3.13/site-packages/pip/_vendor/cachecontrol/caches/__init__.py'...
Compiling './pip-venv-amd64/lib/python3.13/site-packages/pip/_vendor/cachecontrol/caches/file_cache.py'...
Compiling './pip-venv-amd64/lib/python3.13/site-packages/pip/_vendor/cachecontrol/caches/redis_cache.py'...
Compiling './pip-venv-amd64/lib/python3.13/site-packages/pip/_vendor/cachecontrol/controller.py'...
Compiling './pip-venv-amd64/lib/python3.13/site-packages/pip/_vendor/cachecontrol/filewrapper.py'...
Compiling './pip-venv-amd64/lib/python3.13/site-packages/pip/_vendor/cachecontrol/heuristics.py'...
Compiling './pip-venv-amd64/lib/python3.13/site-packages/pip/_vendor/cachecontrol/serialize.py'...
Compiling './pip-venv-amd64/lib/python3.13/site-packages/pip/_vendor/cachecontrol/wrapper.py'...
Listing './pip-venv-amd64/lib/python3.13/site-packages/pip/_vendor/certifi'...
Compiling './pip-venv-amd64/lib/python3.13/site-packages/pip/_vendor/certifi/__init__.py'...
Compiling './pip-venv-amd64/lib/python3.13/site-packages/pip/_vendor/certifi/__main__.py'...
Compiling './pip-venv-amd64/lib/python3.13/site-packages/pip/_vendor/certifi/core.py'...
Listing './pip-venv-amd64/lib/python3.13/site-packages/pip/_vendor/dependency_groups'...
Compiling './pip-venv-amd64/lib/python3.13/site-packages/pip/_vendor/dependency_groups/__init__.py'...
Compiling './pip-venv-amd64/lib/python3.13/site-packages/pip/_vendor/dependency_groups/__main__.py'...
Compiling './pip-venv-amd64/lib/python3.13/site-packages/pip/_vendor/dependency_groups/_implementation.py'...
Compiling './pip-venv-amd64/lib/python3.13/site-packages/pip/_vendor/dependency_groups/_lint_dependency_groups.py'...
Compiling './pip-venv-amd64/lib/python3.13/site-packages/pip/_vendor/dependency_groups/_pip_wrapper.py'...
Compiling './pip-venv-amd64/lib/python3.13/site-packages/pip/_vendor/dependency_groups/_toml_compat.py'...
Listing './pip-venv-amd64/lib/python3.13/site-packages/pip/_vendor/distlib'...
Compiling './pip-venv-amd64/lib/python3.13/site-packages/pip/_vendor/distlib/__init__.py'...
Compiling './pip-venv-amd64/lib/python3.13/site-packages/pip/_vendor/distlib/compat.py'...
Compiling './pip-venv-amd64/lib/python3.13/site-packages/pip/_vendor/distlib/database.py'...
Compiling './pip-venv-amd64/lib/python3.13/site-packages/pip/_vendor/distlib/index.py'...
Compiling './pip-venv-amd64/lib/python3.13/site-packages/pip/_vendor/distlib/locators.py'...
Compiling './pip-venv-amd64/lib/python3.13/site-packages/pip/_vendor/distlib/manifest.py'...
Compiling './pip-venv-amd64/lib/python3.13/site-packages/pip/_vendor/distlib/markers.py'...
Compiling './pip-venv-amd64/lib/python3.13/site-packages/pip/_vendor/distlib/metadata.py'...
Compiling './pip-venv-amd64/lib/python3.13/site-packages/pip/_vendor/distlib/resources.py'...
Compiling './pip-venv-amd64/lib/python3.13/site-packages/pip/_vendor/distlib/scripts.py'...
Compiling './pip-venv-amd64/lib/python3.13/site-packages/pip/_vendor/distlib/util.py'...
Compiling './pip-venv-amd64/lib/python3.13/site-packages/pip/_vendor/distlib/version.py'...
Compiling './pip-venv-amd64/lib/python3.13/site-packages/pip/_vendor/distlib/wheel.py'...
Listing './pip-venv-amd64/lib/python3.13/site-packages/pip/_vendor/distro'...
Compiling './pip-venv-amd64/lib/python3.13/site-packages/pip/_vendor/distro/__init__.py'...
Compiling './pip-venv-amd64/lib/python3.13/site-packages/pip/_vendor/distro/__main__.py'...
Compiling './pip-venv-amd64/lib/python3.13/site-packages/pip/_vendor/distro/distro.py'...
Listing './pip-venv-amd64/lib/python3.13/site-packages/pip/_vendor/idna'...
Compiling './pip-venv-amd64/lib/python3.13/site-packages/pip/_vendor/idna/__init__.py'...
Compiling './pip-venv-amd64/lib/python3.13/site-packages/pip/_vendor/idna/codec.py'...
Compiling './pip-venv-amd64/lib/python3.13/site-packages/pip/_vendor/idna/compat.py'...
Compiling './pip-venv-amd64/lib/python3.13/site-packages/pip/_vendor/idna/core.py'...
Compiling './pip-venv-amd64/lib/python3.13/site-packages/pip/_vendor/idna/idnadata.py'...
Compiling './pip-venv-amd64/lib/python3.13/site-packages/pip/_vendor/idna/intranges.py'...
Compiling './pip-venv-amd64/lib/python3.13/site-packages/pip/_vendor/idna/package_data.py'...
Compiling './pip-venv-amd64/lib/python3.13/site-packages/pip/_vendor/idna/uts46data.py'...
Listing './pip-venv-amd64/lib/python3.13/site-packages/pip/_vendor/msgpack'...
Compiling './pip-venv-amd64/lib/python3.13/site-packages/pip/_vendor/msgpack/__init__.py'...
Compiling './pip-venv-amd64/lib/python3.13/site-packages/pip/_vendor/msgpack/exceptions.py'...
Compiling './pip-venv-amd64/lib/python3.13/site-packages/pip/_vendor/msgpack/ext.py'...
Compiling './pip-venv-amd64/lib/python3.13/site-packages/pip/_vendor/msgpack/fallback.py'...
Listing './pip-venv-amd64/lib/python3.13/site-packages/pip/_vendor/packaging'...
Compiling './pip-venv-amd64/lib/python3.13/site-packages/pip/_vendor/packaging/__init__.py'...
Compiling './pip-venv-amd64/lib/python3.13/site-packages/pip/_vendor/packaging/_elffile.py'...
Compiling './pip-venv-amd64/lib/python3.13/site-packages/pip/_vendor/packaging/_manylinux.py'...
Compiling './pip-venv-amd64/lib/python3.13/site-packages/pip/_vendor/packaging/_musllinux.py'...
Compiling './pip-venv-amd64/lib/python3.13/site-packages/pip/_vendor/packaging/_parser.py'...
Compiling './pip-venv-amd64/lib/python3.13/site-packages/pip/_vendor/packaging/_structures.py'...
Compiling './pip-venv-amd64/lib/python3.13/site-packages/pip/_vendor/packaging/_tokenizer.py'...
Listing './pip-venv-amd64/lib/python3.13/site-packages/pip/_vendor/packaging/licenses'...
Compiling './pip-venv-amd64/lib/python3.13/site-packages/pip/_vendor/packaging/licenses/__init__.py'...
Compiling './pip-venv-amd64/lib/python3.13/site-packages/pip/_vendor/packaging/licenses/_spdx.py'...
Compiling './pip-venv-amd64/lib/python3.13/site-packages/pip/_vendor/packaging/markers.py'...
Compiling './pip-venv-amd64/lib/python3.13/site-packages/pip/_vendor/packaging/metadata.py'...
Compiling './pip-venv-amd64/lib/python3.13/site-packages/pip/_vendor/packaging/requirements.py'...
Compiling './pip-venv-amd64/lib/python3.13/site-packages/pip/_vendor/packaging/specifiers.py'...
Compiling './pip-venv-amd64/lib/python3.13/site-packages/pip/_vendor/packaging/tags.py'...
Compiling './pip-venv-amd64/lib/python3.13/site-packages/pip/_vendor/packaging/utils.py'...
Compiling './pip-venv-amd64/lib/python3.13/site-packages/pip/_vendor/packaging/version.py'...
Listing './pip-venv-amd64/lib/python3.13/site-packages/pip/_vendor/pkg_resources'...
Compiling './pip-venv-amd64/lib/python3.13/site-packages/pip/_vendor/pkg_resources/__init__.py'...
Listing './pip-venv-amd64/lib/python3.13/site-packages/pip/_vendor/platformdirs'...
Compiling './pip-venv-amd64/lib/python3.13/site-packages/pip/_vendor/platformdirs/__init__.py'...
Compiling './pip-venv-amd64/lib/python3.13/site-packages/pip/_vendor/platformdirs/__main__.py'...
Compiling './pip-venv-amd64/lib/python3.13/site-packages/pip/_vendor/platformdirs/android.py'...
Compiling './pip-venv-amd64/lib/python3.13/site-packages/pip/_vendor/platformdirs/api.py'...
Compiling './pip-venv-amd64/lib/python3.13/site-packages/pip/_vendor/platformdirs/macos.py'...
Compiling './pip-venv-amd64/lib/python3.13/site-packages/pip/_vendor/platformdirs/unix.py'...
Compiling './pip-venv-amd64/lib/python3.13/site-packages/pip/_vendor/platformdirs/version.py'...
Compiling './pip-venv-amd64/lib/python3.13/site-packages/pip/_vendor/platformdirs/windows.py'...
Listing './pip-venv-amd64/lib/python3.13/site-packages/pip/_vendor/pygments'...
Compiling './pip-venv-amd64/lib/python3.13/site-packages/pip/_vendor/pygments/__init__.py'...
Compiling './pip-venv-amd64/lib/python3.13/site-packages/pip/_vendor/pygments/__main__.py'...
Compiling './pip-venv-amd64/lib/python3.13/site-packages/pip/_vendor/pygments/console.py'...
Compiling './pip-venv-amd64/lib/python3.13/site-packages/pip/_vendor/pygments/filter.py'...
Listing './pip-venv-amd64/lib/python3.13/site-packages/pip/_vendor/pygments/filters'...
Compiling './pip-venv-amd64/lib/python3.13/site-packages/pip/_vendor/pygments/filters/__init__.py'...
Compiling './pip-venv-amd64/lib/python3.13/site-packages/pip/_vendor/pygments/formatter.py'...
Listing './pip-venv-amd64/lib/python3.13/site-packages/pip/_vendor/pygments/formatters'...
Compiling './pip-venv-amd64/lib/python3.13/site-packages/pip/_vendor/pygments/formatters/__init__.py'...
Compiling './pip-venv-amd64/lib/python3.13/site-packages/pip/_vendor/pygments/formatters/_mapping.py'...
Compiling './pip-venv-amd64/lib/python3.13/site-packages/pip/_vendor/pygments/lexer.py'...
Listing './pip-venv-amd64/lib/python3.13/site-packages/pip/_vendor/pygments/lexers'...
Compiling './pip-venv-amd64/lib/python3.13/site-packages/pip/_vendor/pygments/lexers/__init__.py'...
Compiling './pip-venv-amd64/lib/python3.13/site-packages/pip/_vendor/pygments/lexers/_mapping.py'...
Compiling './pip-venv-amd64/lib/python3.13/site-packages/pip/_vendor/pygments/lexers/python.py'...
Compiling './pip-venv-amd64/lib/python3.13/site-packages/pip/_vendor/pygments/modeline.py'...
Compiling './pip-venv-amd64/lib/python3.13/site-packages/pip/_vendor/pygments/plugin.py'...
Compiling './pip-venv-amd64/lib/python3.13/site-packages/pip/_vendor/pygments/regexopt.py'...
Compiling './pip-venv-amd64/lib/python3.13/site-packages/pip/_vendor/pygments/scanner.py'...
Compiling './pip-venv-amd64/lib/python3.13/site-packages/pip/_vendor/pygments/sphinxext.py'...
Compiling './pip-venv-amd64/lib/python3.13/site-packages/pip/_vendor/pygments/style.py'...
Listing './pip-venv-amd64/lib/python3.13/site-packages/pip/_vendor/pygments/styles'...
Compiling './pip-venv-amd64/lib/python3.13/site-packages/pip/_vendor/pygments/styles/__init__.py'...
Compiling './pip-venv-amd64/lib/python3.13/site-packages/pip/_vendor/pygments/styles/_mapping.py'...
Compiling './pip-venv-amd64/lib/python3.13/site-packages/pip/_vendor/pygments/token.py'...
Compiling './pip-venv-amd64/lib/python3.13/site-packages/pip/_vendor/pygments/unistring.py'...
Compiling './pip-venv-amd64/lib/python3.13/site-packages/pip/_vendor/pygments/util.py'...
Listing './pip-venv-amd64/lib/python3.13/site-packages/pip/_vendor/pyproject_hooks'...
Compiling './pip-venv-amd64/lib/python3.13/site-packages/pip/_vendor/pyproject_hooks/__init__.py'...
Compiling './pip-venv-amd64/lib/python3.13/site-packages/pip/_vendor/pyproject_hooks/_impl.py'...
Listing './pip-venv-amd64/lib/python3.13/site-packages/pip/_vendor/pyproject_hooks/_in_process'...
Compiling './pip-venv-amd64/lib/python3.13/site-packages/pip/_vendor/pyproject_hooks/_in_process/__init__.py'...
Compiling './pip-venv-amd64/lib/python3.13/site-packages/pip/_vendor/pyproject_hooks/_in_process/_in_process.py'...
Listing './pip-venv-amd64/lib/python3.13/site-packages/pip/_vendor/requests'...
Compiling './pip-venv-amd64/lib/python3.13/site-packages/pip/_vendor/requests/__init__.py'...
Compiling './pip-venv-amd64/lib/python3.13/site-packages/pip/_vendor/requests/__version__.py'...
Compiling './pip-venv-amd64/lib/python3.13/site-packages/pip/_vendor/requests/_internal_utils.py'...
Compiling './pip-venv-amd64/lib/python3.13/site-packages/pip/_vendor/requests/adapters.py'...
Compiling './pip-venv-amd64/lib/python3.13/site-packages/pip/_vendor/requests/api.py'...
Compiling './pip-venv-amd64/lib/python3.13/site-packages/pip/_vendor/requests/auth.py'...
Compiling './pip-venv-amd64/lib/python3.13/site-packages/pip/_vendor/requests/certs.py'...
Compiling './pip-venv-amd64/lib/python3.13/site-packages/pip/_vendor/requests/compat.py'...
Compiling './pip-venv-amd64/lib/python3.13/site-packages/pip/_vendor/requests/cookies.py'...
Compiling './pip-venv-amd64/lib/python3.13/site-packages/pip/_vendor/requests/exceptions.py'...
Compiling './pip-venv-amd64/lib/python3.13/site-packages/pip/_vendor/requests/help.py'...
Compiling './pip-venv-amd64/lib/python3.13/site-packages/pip/_vendor/requests/hooks.py'...
Compiling './pip-venv-amd64/lib/python3.13/site-packages/pip/_vendor/requests/models.py'...
Compiling './pip-venv-amd64/lib/python3.13/site-packages/pip/_vendor/requests/packages.py'...
Compiling './pip-venv-amd64/lib/python3.13/site-packages/pip/_vendor/requests/sessions.py'...
Compiling './pip-venv-amd64/lib/python3.13/site-packages/pip/_vendor/requests/status_codes.py'...
Compiling './pip-venv-amd64/lib/python3.13/site-packages/pip/_vendor/requests/structures.py'...
Compiling './pip-venv-amd64/lib/python3.13/site-packages/pip/_vendor/requests/utils.py'...
Listing './pip-venv-amd64/lib/python3.13/site-packages/pip/_vendor/resolvelib'...
Compiling './pip-venv-amd64/lib/python3.13/site-packages/pip/_vendor/resolvelib/__init__.py'...
Compiling './pip-venv-amd64/lib/python3.13/site-packages/pip/_vendor/resolvelib/providers.py'...
Compiling './pip-venv-amd64/lib/python3.13/site-packages/pip/_vendor/resolvelib/reporters.py'...
Listing './pip-venv-amd64/lib/python3.13/site-packages/pip/_vendor/resolvelib/resolvers'...
Compiling './pip-venv-amd64/lib/python3.13/site-packages/pip/_vendor/resolvelib/resolvers/__init__.py'...
Compiling './pip-venv-amd64/lib/python3.13/site-packages/pip/_vendor/resolvelib/resolvers/abstract.py'...
Compiling './pip-venv-amd64/lib/python3.13/site-packages/pip/_vendor/resolvelib/resolvers/criterion.py'...
Compiling './pip-venv-amd64/lib/python3.13/site-packages/pip/_vendor/resolvelib/resolvers/exceptions.py'...
Compiling './pip-venv-amd64/lib/python3.13/site-packages/pip/_vendor/resolvelib/resolvers/resolution.py'...
Compiling './pip-venv-amd64/lib/python3.13/site-packages/pip/_vendor/resolvelib/structs.py'...
Listing './pip-venv-amd64/lib/python3.13/site-packages/pip/_vendor/rich'...
Compiling './pip-venv-amd64/lib/python3.13/site-packages/pip/_vendor/rich/__init__.py'...
Compiling './pip-venv-amd64/lib/python3.13/site-packages/pip/_vendor/rich/__main__.py'...
Compiling './pip-venv-amd64/lib/python3.13/site-packages/pip/_vendor/rich/_cell_widths.py'...
Compiling './pip-venv-amd64/lib/python3.13/site-packages/pip/_vendor/rich/_emoji_codes.py'...
Compiling './pip-venv-amd64/lib/python3.13/site-packages/pip/_vendor/rich/_emoji_replace.py'...
Compiling './pip-venv-amd64/lib/python3.13/site-packages/pip/_vendor/rich/_export_format.py'...
Compiling './pip-venv-amd64/lib/python3.13/site-packages/pip/_vendor/rich/_extension.py'...
Compiling './pip-venv-amd64/lib/python3.13/site-packages/pip/_vendor/rich/_fileno.py'...
Compiling './pip-venv-amd64/lib/python3.13/site-packages/pip/_vendor/rich/_inspect.py'...
Compiling './pip-venv-amd64/lib/python3.13/site-packages/pip/_vendor/rich/_log_render.py'...
Compiling './pip-venv-amd64/lib/python3.13/site-packages/pip/_vendor/rich/_loop.py'...
Compiling './pip-venv-amd64/lib/python3.13/site-packages/pip/_vendor/rich/_null_file.py'...
Compiling './pip-venv-amd64/lib/python3.13/site-packages/pip/_vendor/rich/_palettes.py'...
Compiling './pip-venv-amd64/lib/python3.13/site-packages/pip/_vendor/rich/_pick.py'...
Compiling './pip-venv-amd64/lib/python3.13/site-packages/pip/_vendor/rich/_ratio.py'...
Compiling './pip-venv-amd64/lib/python3.13/site-packages/pip/_vendor/rich/_spinners.py'...
Compiling './pip-venv-amd64/lib/python3.13/site-packages/pip/_vendor/rich/_stack.py'...
Compiling './pip-venv-amd64/lib/python3.13/site-packages/pip/_vendor/rich/_timer.py'...
Compiling './pip-venv-amd64/lib/python3.13/site-packages/pip/_vendor/rich/_win32_console.py'...
Compiling './pip-venv-amd64/lib/python3.13/site-packages/pip/_vendor/rich/_windows.py'...
Compiling './pip-venv-amd64/lib/python3.13/site-packages/pip/_vendor/rich/_windows_renderer.py'...
Compiling './pip-venv-amd64/lib/python3.13/site-packages/pip/_vendor/rich/_wrap.py'...
Compiling './pip-venv-amd64/lib/python3.13/site-packages/pip/_vendor/rich/abc.py'...
Compiling './pip-venv-amd64/lib/python3.13/site-packages/pip/_vendor/rich/align.py'...
Compiling './pip-venv-amd64/lib/python3.13/site-packages/pip/_vendor/rich/ansi.py'...
Compiling './pip-venv-amd64/lib/python3.13/site-packages/pip/_vendor/rich/bar.py'...
Compiling './pip-venv-amd64/lib/python3.13/site-packages/pip/_vendor/rich/box.py'...
Compiling './pip-venv-amd64/lib/python3.13/site-packages/pip/_vendor/rich/cells.py'...
Compiling './pip-venv-amd64/lib/python3.13/site-packages/pip/_vendor/rich/color.py'...
Compiling './pip-venv-amd64/lib/python3.13/site-packages/pip/_vendor/rich/color_triplet.py'...
Compiling './pip-venv-amd64/lib/python3.13/site-packages/pip/_vendor/rich/columns.py'...
Compiling './pip-venv-amd64/lib/python3.13/site-packages/pip/_vendor/rich/console.py'...
Compiling './pip-venv-amd64/lib/python3.13/site-packages/pip/_vendor/rich/constrain.py'...
Compiling './pip-venv-amd64/lib/python3.13/site-packages/pip/_vendor/rich/containers.py'...
Compiling './pip-venv-amd64/lib/python3.13/site-packages/pip/_vendor/rich/control.py'...
Compiling './pip-venv-amd64/lib/python3.13/site-packages/pip/_vendor/rich/default_styles.py'...
Compiling './pip-venv-amd64/lib/python3.13/site-packages/pip/_vendor/rich/diagnose.py'...
Compiling './pip-venv-amd64/lib/python3.13/site-packages/pip/_vendor/rich/emoji.py'...
Compiling './pip-venv-amd64/lib/python3.13/site-packages/pip/_vendor/rich/errors.py'...
Compiling './pip-venv-amd64/lib/python3.13/site-packages/pip/_vendor/rich/file_proxy.py'...
Compiling './pip-venv-amd64/lib/python3.13/site-packages/pip/_vendor/rich/filesize.py'...
Compiling './pip-venv-amd64/lib/python3.13/site-packages/pip/_vendor/rich/highlighter.py'...
Compiling './pip-venv-amd64/lib/python3.13/site-packages/pip/_vendor/rich/json.py'...
Compiling './pip-venv-amd64/lib/python3.13/site-packages/pip/_vendor/rich/jupyter.py'...
Compiling './pip-venv-amd64/lib/python3.13/site-packages/pip/_vendor/rich/layout.py'...
Compiling './pip-venv-amd64/lib/python3.13/site-packages/pip/_vendor/rich/live.py'...
Compiling './pip-venv-amd64/lib/python3.13/site-packages/pip/_vendor/rich/live_render.py'...
Compiling './pip-venv-amd64/lib/python3.13/site-packages/pip/_vendor/rich/logging.py'...
Compiling './pip-venv-amd64/lib/python3.13/site-packages/pip/_vendor/rich/markup.py'...
Compiling './pip-venv-amd64/lib/python3.13/site-packages/pip/_vendor/rich/measure.py'...
Compiling './pip-venv-amd64/lib/python3.13/site-packages/pip/_vendor/rich/padding.py'...
Compiling './pip-venv-amd64/lib/python3.13/site-packages/pip/_vendor/rich/pager.py'...
Compiling './pip-venv-amd64/lib/python3.13/site-packages/pip/_vendor/rich/palette.py'...
Compiling './pip-venv-amd64/lib/python3.13/site-packages/pip/_vendor/rich/panel.py'...
Compiling './pip-venv-amd64/lib/python3.13/site-packages/pip/_vendor/rich/pretty.py'...
Compiling './pip-venv-amd64/lib/python3.13/site-packages/pip/_vendor/rich/progress.py'...
Compiling './pip-venv-amd64/lib/python3.13/site-packages/pip/_vendor/rich/progress_bar.py'...
Compiling './pip-venv-amd64/lib/python3.13/site-packages/pip/_vendor/rich/prompt.py'...
Compiling './pip-venv-amd64/lib/python3.13/site-packages/pip/_vendor/rich/protocol.py'...
Compiling './pip-venv-amd64/lib/python3.13/site-packages/pip/_vendor/rich/region.py'...
Compiling './pip-venv-amd64/lib/python3.13/site-packages/pip/_vendor/rich/repr.py'...
Compiling './pip-venv-amd64/lib/python3.13/site-packages/pip/_vendor/rich/rule.py'...
Compiling './pip-venv-amd64/lib/python3.13/site-packages/pip/_vendor/rich/scope.py'...
Compiling './pip-venv-amd64/lib/python3.13/site-packages/pip/_vendor/rich/screen.py'...
Compiling './pip-venv-amd64/lib/python3.13/site-packages/pip/_vendor/rich/segment.py'...
Compiling './pip-venv-amd64/lib/python3.13/site-packages/pip/_vendor/rich/spinner.py'...
Compiling './pip-venv-amd64/lib/python3.13/site-packages/pip/_vendor/rich/status.py'...
Compiling './pip-venv-amd64/lib/python3.13/site-packages/pip/_vendor/rich/style.py'...
Compiling './pip-venv-amd64/lib/python3.13/site-packages/pip/_vendor/rich/styled.py'...
Compiling './pip-venv-amd64/lib/python3.13/site-packages/pip/_vendor/rich/syntax.py'...
Compiling './pip-venv-amd64/lib/python3.13/site-packages/pip/_vendor/rich/table.py'...
Compiling './pip-venv-amd64/lib/python3.13/site-packages/pip/_vendor/rich/terminal_theme.py'...
Compiling './pip-venv-amd64/lib/python3.13/site-packages/pip/_vendor/rich/text.py'...
Compiling './pip-venv-amd64/lib/python3.13/site-packages/pip/_vendor/rich/theme.py'...
Compiling './pip-venv-amd64/lib/python3.13/site-packages/pip/_vendor/rich/themes.py'...
Compiling './pip-venv-amd64/lib/python3.13/site-packages/pip/_vendor/rich/traceback.py'...
Compiling './pip-venv-amd64/lib/python3.13/site-packages/pip/_vendor/rich/tree.py'...
Listing './pip-venv-amd64/lib/python3.13/site-packages/pip/_vendor/tomli'...
Compiling './pip-venv-amd64/lib/python3.13/site-packages/pip/_vendor/tomli/__init__.py'...
Compiling './pip-venv-amd64/lib/python3.13/site-packages/pip/_vendor/tomli/_parser.py'...
Compiling './pip-venv-amd64/lib/python3.13/site-packages/pip/_vendor/tomli/_re.py'...
Compiling './pip-venv-amd64/lib/python3.13/site-packages/pip/_vendor/tomli/_types.py'...
Listing './pip-venv-amd64/lib/python3.13/site-packages/pip/_vendor/tomli_w'...
Compiling './pip-venv-amd64/lib/python3.13/site-packages/pip/_vendor/tomli_w/__init__.py'...
Compiling './pip-venv-amd64/lib/python3.13/site-packages/pip/_vendor/tomli_w/_writer.py'...
Listing './pip-venv-amd64/lib/python3.13/site-packages/pip/_vendor/truststore'...
Compiling './pip-venv-amd64/lib/python3.13/site-packages/pip/_vendor/truststore/__init__.py'...
Compiling './pip-venv-amd64/lib/python3.13/site-packages/pip/_vendor/truststore/_api.py'...
Compiling './pip-venv-amd64/lib/python3.13/site-packages/pip/_vendor/truststore/_macos.py'...
Compiling './pip-venv-amd64/lib/python3.13/site-packages/pip/_vendor/truststore/_openssl.py'...
Compiling './pip-venv-amd64/lib/python3.13/site-packages/pip/_vendor/truststore/_ssl_constants.py'...
Compiling './pip-venv-amd64/lib/python3.13/site-packages/pip/_vendor/truststore/_windows.py'...
Compiling './pip-venv-amd64/lib/python3.13/site-packages/pip/_vendor/typing_extensions.py'...
Listing './pip-venv-amd64/lib/python3.13/site-packages/pip/_vendor/urllib3'...
Compiling './pip-venv-amd64/lib/python3.13/site-packages/pip/_vendor/urllib3/__init__.py'...
Compiling './pip-venv-amd64/lib/python3.13/site-packages/pip/_vendor/urllib3/_collections.py'...
Compiling './pip-venv-amd64/lib/python3.13/site-packages/pip/_vendor/urllib3/_version.py'...
Compiling './pip-venv-amd64/lib/python3.13/site-packages/pip/_vendor/urllib3/connection.py'...
Compiling './pip-venv-amd64/lib/python3.13/site-packages/pip/_vendor/urllib3/connectionpool.py'...
Listing './pip-venv-amd64/lib/python3.13/site-packages/pip/_vendor/urllib3/contrib'...
Compiling './pip-venv-amd64/lib/python3.13/site-packages/pip/_vendor/urllib3/contrib/__init__.py'...
Compiling './pip-venv-amd64/lib/python3.13/site-packages/pip/_vendor/urllib3/contrib/_appengine_environ.py'...
Listing './pip-venv-amd64/lib/python3.13/site-packages/pip/_vendor/urllib3/contrib/_securetransport'...
Compiling './pip-venv-amd64/lib/python3.13/site-packages/pip/_vendor/urllib3/contrib/_securetransport/__init__.py'...
Compiling './pip-venv-amd64/lib/python3.13/site-packages/pip/_vendor/urllib3/contrib/_securetransport/bindings.py'...
Compiling './pip-venv-amd64/lib/python3.13/site-packages/pip/_vendor/urllib3/contrib/_securetransport/low_level.py'...
Compiling './pip-venv-amd64/lib/python3.13/site-packages/pip/_vendor/urllib3/contrib/appengine.py'...
Compiling './pip-venv-amd64/lib/python3.13/site-packages/pip/_vendor/urllib3/contrib/ntlmpool.py'...
Compiling './pip-venv-amd64/lib/python3.13/site-packages/pip/_vendor/urllib3/contrib/pyopenssl.py'...
Compiling './pip-venv-amd64/lib/python3.13/site-packages/pip/_vendor/urllib3/contrib/securetransport.py'...
Compiling './pip-venv-amd64/lib/python3.13/site-packages/pip/_vendor/urllib3/contrib/socks.py'...
Compiling './pip-venv-amd64/lib/python3.13/site-packages/pip/_vendor/urllib3/exceptions.py'...
Compiling './pip-venv-amd64/lib/python3.13/site-packages/pip/_vendor/urllib3/fields.py'...
Compiling './pip-venv-amd64/lib/python3.13/site-packages/pip/_vendor/urllib3/filepost.py'...
Listing './pip-venv-amd64/lib/python3.13/site-packages/pip/_vendor/urllib3/packages'...
Compiling './pip-venv-amd64/lib/python3.13/site-packages/pip/_vendor/urllib3/packages/__init__.py'...
Listing './pip-venv-amd64/lib/python3.13/site-packages/pip/_vendor/urllib3/packages/backports'...
Compiling './pip-venv-amd64/lib/python3.13/site-packages/pip/_vendor/urllib3/packages/backports/__init__.py'...
Compiling './pip-venv-amd64/lib/python3.13/site-packages/pip/_vendor/urllib3/packages/backports/makefile.py'...
Compiling './pip-venv-amd64/lib/python3.13/site-packages/pip/_vendor/urllib3/packages/backports/weakref_finalize.py'...
Compiling './pip-venv-amd64/lib/python3.13/site-packages/pip/_vendor/urllib3/packages/six.py'...
Compiling './pip-venv-amd64/lib/python3.13/site-packages/pip/_vendor/urllib3/poolmanager.py'...
Compiling './pip-venv-amd64/lib/python3.13/site-packages/pip/_vendor/urllib3/request.py'...
Compiling './pip-venv-amd64/lib/python3.13/site-packages/pip/_vendor/urllib3/response.py'...
Listing './pip-venv-amd64/lib/python3.13/site-packages/pip/_vendor/urllib3/util'...
Compiling './pip-venv-amd64/lib/python3.13/site-packages/pip/_vendor/urllib3/util/__init__.py'...
Compiling './pip-venv-amd64/lib/python3.13/site-packages/pip/_vendor/urllib3/util/connection.py'...
Compiling './pip-venv-amd64/lib/python3.13/site-packages/pip/_vendor/urllib3/util/proxy.py'...
Compiling './pip-venv-amd64/lib/python3.13/site-packages/pip/_vendor/urllib3/util/queue.py'...
Compiling './pip-venv-amd64/lib/python3.13/site-packages/pip/_vendor/urllib3/util/request.py'...
Compiling './pip-venv-amd64/lib/python3.13/site-packages/pip/_vendor/urllib3/util/response.py'...
Compiling './pip-venv-amd64/lib/python3.13/site-packages/pip/_vendor/urllib3/util/retry.py'...
Compiling './pip-venv-amd64/lib/python3.13/site-packages/pip/_vendor/urllib3/util/ssl_.py'...
Compiling './pip-venv-amd64/lib/python3.13/site-packages/pip/_vendor/urllib3/util/ssl_match_hostname.py'...
Compiling './pip-venv-amd64/lib/python3.13/site-packages/pip/_vendor/urllib3/util/ssltransport.py'...
Compiling './pip-venv-amd64/lib/python3.13/site-packages/pip/_vendor/urllib3/util/timeout.py'...
Compiling './pip-venv-amd64/lib/python3.13/site-packages/pip/_vendor/urllib3/util/url.py'...
Compiling './pip-venv-amd64/lib/python3.13/site-packages/pip/_vendor/urllib3/util/wait.py'...
Listing './pip-venv-amd64/lib/python3.13/site-packages/pip-25.1.1.dist-info'...
Listing './pip-venv-amd64/lib/python3.13/site-packages/pip-25.1.1.dist-info/licenses'...
Listing './pip-venv-amd64/lib/python3.13/site-packages/pydantic'...
Compiling './pip-venv-amd64/lib/python3.13/site-packages/pydantic/__init__.py'...
Listing './pip-venv-amd64/lib/python3.13/site-packages/pydantic/_internal'...
Compiling './pip-venv-amd64/lib/python3.13/site-packages/pydantic/_internal/__init__.py'...
Compiling './pip-venv-amd64/lib/python3.13/site-packages/pydantic/_internal/_config.py'...
Compiling './pip-venv-amd64/lib/python3.13/site-packages/pydantic/_internal/_core_metadata.py'...
Compiling './pip-venv-amd64/lib/python3.13/site-packages/pydantic/_internal/_core_utils.py'...
Compiling './pip-venv-amd64/lib/python3.13/site-packages/pydantic/_internal/_dataclasses.py'...
Compiling './pip-venv-amd64/lib/python3.13/site-packages/pydantic/_internal/_decorators.py'...
Compiling './pip-venv-amd64/lib/python3.13/site-packages/pydantic/_internal/_decorators_v1.py'...
Compiling './pip-venv-amd64/lib/python3.13/site-packages/pydantic/_internal/_discriminated_union.py'...
Compiling './pip-venv-amd64/lib/python3.13/site-packages/pydantic/_internal/_docs_extraction.py'...
Compiling './pip-venv-amd64/lib/python3.13/site-packages/pydantic/_internal/_fields.py'...
Compiling './pip-venv-amd64/lib/python3.13/site-packages/pydantic/_internal/_forward_ref.py'...
Compiling './pip-venv-amd64/lib/python3.13/site-packages/pydantic/_internal/_generate_schema.py'...
Compiling './pip-venv-amd64/lib/python3.13/site-packages/pydantic/_internal/_generics.py'...
Compiling './pip-venv-amd64/lib/python3.13/site-packages/pydantic/_internal/_git.py'...
Compiling './pip-venv-amd64/lib/python3.13/site-packages/pydantic/_internal/_import_utils.py'...
Compiling './pip-venv-amd64/lib/python3.13/site-packages/pydantic/_internal/_internal_dataclass.py'...
Compiling './pip-venv-amd64/lib/python3.13/site-packages/pydantic/_internal/_known_annotated_metadata.py'...
Compiling './pip-venv-amd64/lib/python3.13/site-packages/pydantic/_internal/_mock_val_ser.py'...
Compiling './pip-venv-amd64/lib/python3.13/site-packages/pydantic/_internal/_model_construction.py'...
Compiling './pip-venv-amd64/lib/python3.13/site-packages/pydantic/_internal/_namespace_utils.py'...
Compiling './pip-venv-amd64/lib/python3.13/site-packages/pydantic/_internal/_repr.py'...
Compiling './pip-venv-amd64/lib/python3.13/site-packages/pydantic/_internal/_schema_gather.py'...
Compiling './pip-venv-amd64/lib/python3.13/site-packages/pydantic/_internal/_schema_generation_shared.py'...
Compiling './pip-venv-amd64/lib/python3.13/site-packages/pydantic/_internal/_serializers.py'...
Compiling './pip-venv-amd64/lib/python3.13/site-packages/pydantic/_internal/_signature.py'...
Compiling './pip-venv-amd64/lib/python3.13/site-packages/pydantic/_internal/_typing_extra.py'...
Compiling './pip-venv-amd64/lib/python3.13/site-packages/pydantic/_internal/_utils.py'...
Compiling './pip-venv-amd64/lib/python3.13/site-packages/pydantic/_internal/_validate_call.py'...
Compiling './pip-venv-amd64/lib/python3.13/site-packages/pydantic/_internal/_validators.py'...
Compiling './pip-venv-amd64/lib/python3.13/site-packages/pydantic/_migration.py'...
Compiling './pip-venv-amd64/lib/python3.13/site-packages/pydantic/alias_generators.py'...
Compiling './pip-venv-amd64/lib/python3.13/site-packages/pydantic/aliases.py'...
Compiling './pip-venv-amd64/lib/python3.13/site-packages/pydantic/annotated_handlers.py'...
Compiling './pip-venv-amd64/lib/python3.13/site-packages/pydantic/class_validators.py'...
Compiling './pip-venv-amd64/lib/python3.13/site-packages/pydantic/color.py'...
Compiling './pip-venv-amd64/lib/python3.13/site-packages/pydantic/config.py'...
Compiling './pip-venv-amd64/lib/python3.13/site-packages/pydantic/dataclasses.py'...
Compiling './pip-venv-amd64/lib/python3.13/site-packages/pydantic/datetime_parse.py'...
Compiling './pip-venv-amd64/lib/python3.13/site-packages/pydantic/decorator.py'...
Listing './pip-venv-amd64/lib/python3.13/site-packages/pydantic/deprecated'...
Compiling './pip-venv-amd64/lib/python3.13/site-packages/pydantic/deprecated/__init__.py'...
Compiling './pip-venv-amd64/lib/python3.13/site-packages/pydantic/deprecated/class_validators.py'...
Compiling './pip-venv-amd64/lib/python3.13/site-packages/pydantic/deprecated/config.py'...
Compiling './pip-venv-amd64/lib/python3.13/site-packages/pydantic/deprecated/copy_internals.py'...
Compiling './pip-venv-amd64/lib/python3.13/site-packages/pydantic/deprecated/decorator.py'...
Compiling './pip-venv-amd64/lib/python3.13/site-packages/pydantic/deprecated/json.py'...
Compiling './pip-venv-amd64/lib/python3.13/site-packages/pydantic/deprecated/parse.py'...
Compiling './pip-venv-amd64/lib/python3.13/site-packages/pydantic/deprecated/tools.py'...
Compiling './pip-venv-amd64/lib/python3.13/site-packages/pydantic/env_settings.py'...
Compiling './pip-venv-amd64/lib/python3.13/site-packages/pydantic/error_wrappers.py'...
Compiling './pip-venv-amd64/lib/python3.13/site-packages/pydantic/errors.py'...
Listing './pip-venv-amd64/lib/python3.13/site-packages/pydantic/experimental'...
Compiling './pip-venv-amd64/lib/python3.13/site-packages/pydantic/experimental/__init__.py'...
Compiling './pip-venv-amd64/lib/python3.13/site-packages/pydantic/experimental/arguments_schema.py'...
Compiling './pip-venv-amd64/lib/python3.13/site-packages/pydantic/experimental/missing_sentinel.py'...
Compiling './pip-venv-amd64/lib/python3.13/site-packages/pydantic/experimental/pipeline.py'...
Compiling './pip-venv-amd64/lib/python3.13/site-packages/pydantic/fields.py'...
Compiling './pip-venv-amd64/lib/python3.13/site-packages/pydantic/functional_serializers.py'...
Compiling './pip-venv-amd64/lib/python3.13/site-packages/pydantic/functional_validators.py'...
Compiling './pip-venv-amd64/lib/python3.13/site-packages/pydantic/generics.py'...
Compiling './pip-venv-amd64/lib/python3.13/site-packages/pydantic/json.py'...
Compiling './pip-venv-amd64/lib/python3.13/site-packages/pydantic/json_schema.py'...
Compiling './pip-venv-amd64/lib/python3.13/site-packages/pydantic/main.py'...
Compiling './pip-venv-amd64/lib/python3.13/site-packages/pydantic/mypy.py'...
Compiling './pip-venv-amd64/lib/python3.13/site-packages/pydantic/networks.py'...
Compiling './pip-venv-amd64/lib/python3.13/site-packages/pydantic/parse.py'...
Listing './pip-venv-amd64/lib/python3.13/site-packages/pydantic/plugin'...
Compiling './pip-venv-amd64/lib/python3.13/site-packages/pydantic/plugin/__init__.py'...
Compiling './pip-venv-amd64/lib/python3.13/site-packages/pydantic/plugin/_loader.py'...
Compiling './pip-venv-amd64/lib/python3.13/site-packages/pydantic/plugin/_schema_validator.py'...
Compiling './pip-venv-amd64/lib/python3.13/site-packages/pydantic/root_model.py'...
Compiling './pip-venv-amd64/lib/python3.13/site-packages/pydantic/schema.py'...
Compiling './pip-venv-amd64/lib/python3.13/site-packages/pydantic/tools.py'...
Compiling './pip-venv-amd64/lib/python3.13/site-packages/pydantic/type_adapter.py'...
Compiling './pip-venv-amd64/lib/python3.13/site-packages/pydantic/types.py'...
Compiling './pip-venv-amd64/lib/python3.13/site-packages/pydantic/typing.py'...
Compiling './pip-venv-amd64/lib/python3.13/site-packages/pydantic/utils.py'...
Listing './pip-venv-amd64/lib/python3.13/site-packages/pydantic/v1'...
Compiling './pip-venv-amd64/lib/python3.13/site-packages/pydantic/v1/__init__.py'...
Compiling './pip-venv-amd64/lib/python3.13/site-packages/pydantic/v1/_hypothesis_plugin.py'...
Compiling './pip-venv-amd64/lib/python3.13/site-packages/pydantic/v1/annotated_types.py'...
Compiling './pip-venv-amd64/lib/python3.13/site-packages/pydantic/v1/class_validators.py'...
Compiling './pip-venv-amd64/lib/python3.13/site-packages/pydantic/v1/color.py'...
Compiling './pip-venv-amd64/lib/python3.13/site-packages/pydantic/v1/config.py'...
Compiling './pip-venv-amd64/lib/python3.13/site-packages/pydantic/v1/dataclasses.py'...
Compiling './pip-venv-amd64/lib/python3.13/site-packages/pydantic/v1/datetime_parse.py'...
Compiling './pip-venv-amd64/lib/python3.13/site-packages/pydantic/v1/decorator.py'...
Compiling './pip-venv-amd64/lib/python3.13/site-packages/pydantic/v1/env_settings.py'...
Compiling './pip-venv-amd64/lib/python3.13/site-packages/pydantic/v1/error_wrappers.py'...
Compiling './pip-venv-amd64/lib/python3.13/site-packages/pydantic/v1/errors.py'...
Compiling './pip-venv-amd64/lib/python3.13/site-packages/pydantic/v1/fields.py'...
Compiling './pip-venv-amd64/lib/python3.13/site-packages/pydantic/v1/generics.py'...
Compiling './pip-venv-amd64/lib/python3.13/site-packages/pydantic/v1/json.py'...
Compiling './pip-venv-amd64/lib/python3.13/site-packages/pydantic/v1/main.py'...
Compiling './pip-venv-amd64/lib/python3.13/site-packages/pydantic/v1/mypy.py'...
Compiling './pip-venv-amd64/lib/python3.13/site-packages/pydantic/v1/networks.py'...
Compiling './pip-venv-amd64/lib/python3.13/site-packages/pydantic/v1/parse.py'...
Compiling './pip-venv-amd64/lib/python3.13/site-packages/pydantic/v1/schema.py'...
Compiling './pip-venv-amd64/lib/python3.13/site-packages/pydantic/v1/tools.py'...
Compiling './pip-venv-amd64/lib/python3.13/site-packages/pydantic/v1/types.py'...
Compiling './pip-venv-amd64/lib/python3.13/site-packages/pydantic/v1/typing.py'...
Compiling './pip-venv-amd64/lib/python3.13/site-packages/pydantic/v1/utils.py'...
Compiling './pip-venv-amd64/lib/python3.13/site-packages/pydantic/v1/validators.py'...
Compiling './pip-venv-amd64/lib/python3.13/site-packages/pydantic/v1/version.py'...
Compiling './pip-venv-amd64/lib/python3.13/site-packages/pydantic/validate_call_decorator.py'...
Compiling './pip-venv-amd64/lib/python3.13/site-packages/pydantic/validators.py'...
Compiling './pip-venv-amd64/lib/python3.13/site-packages/pydantic/version.py'...
Compiling './pip-venv-amd64/lib/python3.13/site-packages/pydantic/warnings.py'...
Listing './pip-venv-amd64/lib/python3.13/site-packages/pydantic-2.12.4.dist-info'...
Listing './pip-venv-amd64/lib/python3.13/site-packages/pydantic-2.12.4.dist-info/licenses'...
Listing './pip-venv-amd64/lib/python3.13/site-packages/pydantic_core'...
Compiling './pip-venv-amd64/lib/python3.13/site-packages/pydantic_core/__init__.py'...
Compiling './pip-venv-amd64/lib/python3.13/site-packages/pydantic_core/core_schema.py'...
Listing './pip-venv-amd64/lib/python3.13/site-packages/pydantic_core-2.41.5.dist-info'...
Listing './pip-venv-amd64/lib/python3.13/site-packages/pydantic_core-2.41.5.dist-info/licenses'...
Listing './pip-venv-amd64/lib/python3.13/site-packages/python_dotenv-1.2.1.dist-info'...
Listing './pip-venv-amd64/lib/python3.13/site-packages/python_dotenv-1.2.1.dist-info/licenses'...
Listing './pip-venv-amd64/lib/python3.13/site-packages/python_engineio-4.12.3.dist-info'...
Listing './pip-venv-amd64/lib/python3.13/site-packages/python_engineio-4.12.3.dist-info/licenses'...
Listing './pip-venv-amd64/lib/python3.13/site-packages/python_socketio-5.14.3.dist-info'...
Listing './pip-venv-amd64/lib/python3.13/site-packages/python_socketio-5.14.3.dist-info/licenses'...
Listing './pip-venv-amd64/lib/python3.13/site-packages/pyyaml-6.0.3.dist-info'...
Listing './pip-venv-amd64/lib/python3.13/site-packages/pyyaml-6.0.3.dist-info/licenses'...
Listing './pip-venv-amd64/lib/python3.13/site-packages/requests'...
Compiling './pip-venv-amd64/lib/python3.13/site-packages/requests/__init__.py'...
Compiling './pip-venv-amd64/lib/python3.13/site-packages/requests/__version__.py'...
Compiling './pip-venv-amd64/lib/python3.13/site-packages/requests/_internal_utils.py'...
Compiling './pip-venv-amd64/lib/python3.13/site-packages/requests/adapters.py'...
Compiling './pip-venv-amd64/lib/python3.13/site-packages/requests/api.py'...
Compiling './pip-venv-amd64/lib/python3.13/site-packages/requests/auth.py'...
Compiling './pip-venv-amd64/lib/python3.13/site-packages/requests/certs.py'...
Compiling './pip-venv-amd64/lib/python3.13/site-packages/requests/compat.py'...
Compiling './pip-venv-amd64/lib/python3.13/site-packages/requests/cookies.py'...
Compiling './pip-venv-amd64/lib/python3.13/site-packages/requests/exceptions.py'...
Compiling './pip-venv-amd64/lib/python3.13/site-packages/requests/help.py'...
Compiling './pip-venv-amd64/lib/python3.13/site-packages/requests/hooks.py'...
Compiling './pip-venv-amd64/lib/python3.13/site-packages/requests/models.py'...
Compiling './pip-venv-amd64/lib/python3.13/site-packages/requests/packages.py'...
Compiling './pip-venv-amd64/lib/python3.13/site-packages/requests/sessions.py'...
Compiling './pip-venv-amd64/lib/python3.13/site-packages/requests/status_codes.py'...
Compiling './pip-venv-amd64/lib/python3.13/site-packages/requests/structures.py'...
Compiling './pip-venv-amd64/lib/python3.13/site-packages/requests/utils.py'...
Listing './pip-venv-amd64/lib/python3.13/site-packages/requests-2.32.5.dist-info'...
Listing './pip-venv-amd64/lib/python3.13/site-packages/requests-2.32.5.dist-info/licenses'...
Listing './pip-venv-amd64/lib/python3.13/site-packages/simple_websocket'...
Compiling './pip-venv-amd64/lib/python3.13/site-packages/simple_websocket/__init__.py'...
Compiling './pip-venv-amd64/lib/python3.13/site-packages/simple_websocket/aiows.py'...
Compiling './pip-venv-amd64/lib/python3.13/site-packages/simple_websocket/asgi.py'...
Compiling './pip-venv-amd64/lib/python3.13/site-packages/simple_websocket/errors.py'...
Compiling './pip-venv-amd64/lib/python3.13/site-packages/simple_websocket/ws.py'...
Listing './pip-venv-amd64/lib/python3.13/site-packages/simple_websocket-1.1.0.dist-info'...
Listing './pip-venv-amd64/lib/python3.13/site-packages/sniffio'...
Compiling './pip-venv-amd64/lib/python3.13/site-packages/sniffio/__init__.py'...
Compiling './pip-venv-amd64/lib/python3.13/site-packages/sniffio/_impl.py'...
Listing './pip-venv-amd64/lib/python3.13/site-packages/sniffio/_tests'...
Compiling './pip-venv-amd64/lib/python3.13/site-packages/sniffio/_tests/__init__.py'...
Compiling './pip-venv-amd64/lib/python3.13/site-packages/sniffio/_tests/test_sniffio.py'...
Compiling './pip-venv-amd64/lib/python3.13/site-packages/sniffio/_version.py'...
Listing './pip-venv-amd64/lib/python3.13/site-packages/sniffio-1.3.1.dist-info'...
Listing './pip-venv-amd64/lib/python3.13/site-packages/socketio'...
Compiling './pip-venv-amd64/lib/python3.13/site-packages/socketio/__init__.py'...
Compiling './pip-venv-amd64/lib/python3.13/site-packages/socketio/admin.py'...
Compiling './pip-venv-amd64/lib/python3.13/site-packages/socketio/asgi.py'...
Compiling './pip-venv-amd64/lib/python3.13/site-packages/socketio/async_admin.py'...
Compiling './pip-venv-amd64/lib/python3.13/site-packages/socketio/async_aiopika_manager.py'...
Compiling './pip-venv-amd64/lib/python3.13/site-packages/socketio/async_client.py'...
Compiling './pip-venv-amd64/lib/python3.13/site-packages/socketio/async_manager.py'...
Compiling './pip-venv-amd64/lib/python3.13/site-packages/socketio/async_namespace.py'...
Compiling './pip-venv-amd64/lib/python3.13/site-packages/socketio/async_pubsub_manager.py'...
Compiling './pip-venv-amd64/lib/python3.13/site-packages/socketio/async_redis_manager.py'...
Compiling './pip-venv-amd64/lib/python3.13/site-packages/socketio/async_server.py'...
Compiling './pip-venv-amd64/lib/python3.13/site-packages/socketio/async_simple_client.py'...
Compiling './pip-venv-amd64/lib/python3.13/site-packages/socketio/base_client.py'...
Compiling './pip-venv-amd64/lib/python3.13/site-packages/socketio/base_manager.py'...
Compiling './pip-venv-amd64/lib/python3.13/site-packages/socketio/base_namespace.py'...
Compiling './pip-venv-amd64/lib/python3.13/site-packages/socketio/base_server.py'...
Compiling './pip-venv-amd64/lib/python3.13/site-packages/socketio/client.py'...
Compiling './pip-venv-amd64/lib/python3.13/site-packages/socketio/exceptions.py'...
Compiling './pip-venv-amd64/lib/python3.13/site-packages/socketio/kafka_manager.py'...
Compiling './pip-venv-amd64/lib/python3.13/site-packages/socketio/kombu_manager.py'...
Compiling './pip-venv-amd64/lib/python3.13/site-packages/socketio/manager.py'...
Compiling './pip-venv-amd64/lib/python3.13/site-packages/socketio/middleware.py'...
Compiling './pip-venv-amd64/lib/python3.13/site-packages/socketio/msgpack_packet.py'...
Compiling './pip-venv-amd64/lib/python3.13/site-packages/socketio/namespace.py'...
Compiling './pip-venv-amd64/lib/python3.13/site-packages/socketio/packet.py'...
Compiling './pip-venv-amd64/lib/python3.13/site-packages/socketio/pubsub_manager.py'...
Compiling './pip-venv-amd64/lib/python3.13/site-packages/socketio/redis_manager.py'...
Compiling './pip-venv-amd64/lib/python3.13/site-packages/socketio/server.py'...
Compiling './pip-venv-amd64/lib/python3.13/site-packages/socketio/simple_client.py'...
Compiling './pip-venv-amd64/lib/python3.13/site-packages/socketio/tornado.py'...
Compiling './pip-venv-amd64/lib/python3.13/site-packages/socketio/zmq_manager.py'...
Listing './pip-venv-amd64/lib/python3.13/site-packages/sse_starlette'...
Compiling './pip-venv-amd64/lib/python3.13/site-packages/sse_starlette/__init__.py'...
Compiling './pip-venv-amd64/lib/python3.13/site-packages/sse_starlette/event.py'...
Compiling './pip-venv-amd64/lib/python3.13/site-packages/sse_starlette/sse.py'...
Listing './pip-venv-amd64/lib/python3.13/site-packages/sse_starlette-3.0.3.dist-info'...
Listing './pip-venv-amd64/lib/python3.13/site-packages/sse_starlette-3.0.3.dist-info/licenses'...
Listing './pip-venv-amd64/lib/python3.13/site-packages/starlette'...
Compiling './pip-venv-amd64/lib/python3.13/site-packages/starlette/__init__.py'...
Compiling './pip-venv-amd64/lib/python3.13/site-packages/starlette/_exception_handler.py'...
Compiling './pip-venv-amd64/lib/python3.13/site-packages/starlette/_utils.py'...
Compiling './pip-venv-amd64/lib/python3.13/site-packages/starlette/applications.py'...
Compiling './pip-venv-amd64/lib/python3.13/site-packages/starlette/authentication.py'...
Compiling './pip-venv-amd64/lib/python3.13/site-packages/starlette/background.py'...
Compiling './pip-venv-amd64/lib/python3.13/site-packages/starlette/concurrency.py'...
Compiling './pip-venv-amd64/lib/python3.13/site-packages/starlette/config.py'...
Compiling './pip-venv-amd64/lib/python3.13/site-packages/starlette/convertors.py'...
Compiling './pip-venv-amd64/lib/python3.13/site-packages/starlette/datastructures.py'...
Compiling './pip-venv-amd64/lib/python3.13/site-packages/starlette/endpoints.py'...
Compiling './pip-venv-amd64/lib/python3.13/site-packages/starlette/exceptions.py'...
Compiling './pip-venv-amd64/lib/python3.13/site-packages/starlette/formparsers.py'...
Listing './pip-venv-amd64/lib/python3.13/site-packages/starlette/middleware'...
Compiling './pip-venv-amd64/lib/python3.13/site-packages/starlette/middleware/__init__.py'...
Compiling './pip-venv-amd64/lib/python3.13/site-packages/starlette/middleware/authentication.py'...
Compiling './pip-venv-amd64/lib/python3.13/site-packages/starlette/middleware/base.py'...
Compiling './pip-venv-amd64/lib/python3.13/site-packages/starlette/middleware/cors.py'...
Compiling './pip-venv-amd64/lib/python3.13/site-packages/starlette/middleware/errors.py'...
Compiling './pip-venv-amd64/lib/python3.13/site-packages/starlette/middleware/exceptions.py'...
Compiling './pip-venv-amd64/lib/python3.13/site-packages/starlette/middleware/gzip.py'...
Compiling './pip-venv-amd64/lib/python3.13/site-packages/starlette/middleware/httpsredirect.py'...
Compiling './pip-venv-amd64/lib/python3.13/site-packages/starlette/middleware/sessions.py'...
Compiling './pip-venv-amd64/lib/python3.13/site-packages/starlette/middleware/trustedhost.py'...
Compiling './pip-venv-amd64/lib/python3.13/site-packages/starlette/middleware/wsgi.py'...
Compiling './pip-venv-amd64/lib/python3.13/site-packages/starlette/requests.py'...
Compiling './pip-venv-amd64/lib/python3.13/site-packages/starlette/responses.py'...
Compiling './pip-venv-amd64/lib/python3.13/site-packages/starlette/routing.py'...
Compiling './pip-venv-amd64/lib/python3.13/site-packages/starlette/schemas.py'...
Compiling './pip-venv-amd64/lib/python3.13/site-packages/starlette/staticfiles.py'...
Compiling './pip-venv-amd64/lib/python3.13/site-packages/starlette/status.py'...
Compiling './pip-venv-amd64/lib/python3.13/site-packages/starlette/templating.py'...
Compiling './pip-venv-amd64/lib/python3.13/site-packages/starlette/testclient.py'...
Compiling './pip-venv-amd64/lib/python3.13/site-packages/starlette/types.py'...
Compiling './pip-venv-amd64/lib/python3.13/site-packages/starlette/websockets.py'...
Listing './pip-venv-amd64/lib/python3.13/site-packages/starlette-0.49.3.dist-info'...
Listing './pip-venv-amd64/lib/python3.13/site-packages/starlette-0.49.3.dist-info/licenses'...
Listing './pip-venv-amd64/lib/python3.13/site-packages/typing_extensions-4.15.0.dist-info'...
Listing './pip-venv-amd64/lib/python3.13/site-packages/typing_extensions-4.15.0.dist-info/licenses'...
Compiling './pip-venv-amd64/lib/python3.13/site-packages/typing_extensions.py'...
Listing './pip-venv-amd64/lib/python3.13/site-packages/typing_inspection'...
Compiling './pip-venv-amd64/lib/python3.13/site-packages/typing_inspection/__init__.py'...
Compiling './pip-venv-amd64/lib/python3.13/site-packages/typing_inspection/introspection.py'...
Compiling './pip-venv-amd64/lib/python3.13/site-packages/typing_inspection/typing_objects.py'...
Listing './pip-venv-amd64/lib/python3.13/site-packages/typing_inspection-0.4.2.dist-info'...
Listing './pip-venv-amd64/lib/python3.13/site-packages/typing_inspection-0.4.2.dist-info/licenses'...
Listing './pip-venv-amd64/lib/python3.13/site-packages/urllib3'...
Compiling './pip-venv-amd64/lib/python3.13/site-packages/urllib3/__init__.py'...
Compiling './pip-venv-amd64/lib/python3.13/site-packages/urllib3/_base_connection.py'...
Compiling './pip-venv-amd64/lib/python3.13/site-packages/urllib3/_collections.py'...
Compiling './pip-venv-amd64/lib/python3.13/site-packages/urllib3/_request_methods.py'...
Compiling './pip-venv-amd64/lib/python3.13/site-packages/urllib3/_version.py'...
Compiling './pip-venv-amd64/lib/python3.13/site-packages/urllib3/connection.py'...
Compiling './pip-venv-amd64/lib/python3.13/site-packages/urllib3/connectionpool.py'...
Listing './pip-venv-amd64/lib/python3.13/site-packages/urllib3/contrib'...
Compiling './pip-venv-amd64/lib/python3.13/site-packages/urllib3/contrib/__init__.py'...
Listing './pip-venv-amd64/lib/python3.13/site-packages/urllib3/contrib/emscripten'...
Compiling './pip-venv-amd64/lib/python3.13/site-packages/urllib3/contrib/emscripten/__init__.py'...
Compiling './pip-venv-amd64/lib/python3.13/site-packages/urllib3/contrib/emscripten/connection.py'...
Compiling './pip-venv-amd64/lib/python3.13/site-packages/urllib3/contrib/emscripten/fetch.py'...
Compiling './pip-venv-amd64/lib/python3.13/site-packages/urllib3/contrib/emscripten/request.py'...
Compiling './pip-venv-amd64/lib/python3.13/site-packages/urllib3/contrib/emscripten/response.py'...
Compiling './pip-venv-amd64/lib/python3.13/site-packages/urllib3/contrib/pyopenssl.py'...
Compiling './pip-venv-amd64/lib/python3.13/site-packages/urllib3/contrib/socks.py'...
Compiling './pip-venv-amd64/lib/python3.13/site-packages/urllib3/exceptions.py'...
Compiling './pip-venv-amd64/lib/python3.13/site-packages/urllib3/fields.py'...
Compiling './pip-venv-amd64/lib/python3.13/site-packages/urllib3/filepost.py'...
Listing './pip-venv-amd64/lib/python3.13/site-packages/urllib3/http2'...
Compiling './pip-venv-amd64/lib/python3.13/site-packages/urllib3/http2/__init__.py'...
Compiling './pip-venv-amd64/lib/python3.13/site-packages/urllib3/http2/connection.py'...
Compiling './pip-venv-amd64/lib/python3.13/site-packages/urllib3/http2/probe.py'...
Compiling './pip-venv-amd64/lib/python3.13/site-packages/urllib3/poolmanager.py'...
Compiling './pip-venv-amd64/lib/python3.13/site-packages/urllib3/response.py'...
Listing './pip-venv-amd64/lib/python3.13/site-packages/urllib3/util'...
Compiling './pip-venv-amd64/lib/python3.13/site-packages/urllib3/util/__init__.py'...
Compiling './pip-venv-amd64/lib/python3.13/site-packages/urllib3/util/connection.py'...
Compiling './pip-venv-amd64/lib/python3.13/site-packages/urllib3/util/proxy.py'...
Compiling './pip-venv-amd64/lib/python3.13/site-packages/urllib3/util/request.py'...
Compiling './pip-venv-amd64/lib/python3.13/site-packages/urllib3/util/response.py'...
Compiling './pip-venv-amd64/lib/python3.13/site-packages/urllib3/util/retry.py'...
Compiling './pip-venv-amd64/lib/python3.13/site-packages/urllib3/util/ssl_.py'...
Compiling './pip-venv-amd64/lib/python3.13/site-packages/urllib3/util/ssl_match_hostname.py'...
Compiling './pip-venv-amd64/lib/python3.13/site-packages/urllib3/util/ssltransport.py'...
Compiling './pip-venv-amd64/lib/python3.13/site-packages/urllib3/util/timeout.py'...
Compiling './pip-venv-amd64/lib/python3.13/site-packages/urllib3/util/url.py'...
Compiling './pip-venv-amd64/lib/python3.13/site-packages/urllib3/util/util.py'...
Compiling './pip-venv-amd64/lib/python3.13/site-packages/urllib3/util/wait.py'...
Listing './pip-venv-amd64/lib/python3.13/site-packages/urllib3-2.5.0.dist-info'...
Listing './pip-venv-amd64/lib/python3.13/site-packages/urllib3-2.5.0.dist-info/licenses'...
Listing './pip-venv-amd64/lib/python3.13/site-packages/uvicorn'...
Compiling './pip-venv-amd64/lib/python3.13/site-packages/uvicorn/__init__.py'...
Compiling './pip-venv-amd64/lib/python3.13/site-packages/uvicorn/__main__.py'...
Compiling './pip-venv-amd64/lib/python3.13/site-packages/uvicorn/_compat.py'...
Compiling './pip-venv-amd64/lib/python3.13/site-packages/uvicorn/_subprocess.py'...
Compiling './pip-venv-amd64/lib/python3.13/site-packages/uvicorn/_types.py'...
Compiling './pip-venv-amd64/lib/python3.13/site-packages/uvicorn/config.py'...
Compiling './pip-venv-amd64/lib/python3.13/site-packages/uvicorn/importer.py'...
Listing './pip-venv-amd64/lib/python3.13/site-packages/uvicorn/lifespan'...
Compiling './pip-venv-amd64/lib/python3.13/site-packages/uvicorn/lifespan/__init__.py'...
Compiling './pip-venv-amd64/lib/python3.13/site-packages/uvicorn/lifespan/off.py'...
Compiling './pip-venv-amd64/lib/python3.13/site-packages/uvicorn/lifespan/on.py'...
Compiling './pip-venv-amd64/lib/python3.13/site-packages/uvicorn/logging.py'...
Listing './pip-venv-amd64/lib/python3.13/site-packages/uvicorn/loops'...
Compiling './pip-venv-amd64/lib/python3.13/site-packages/uvicorn/loops/__init__.py'...
Compiling './pip-venv-amd64/lib/python3.13/site-packages/uvicorn/loops/asyncio.py'...
Compiling './pip-venv-amd64/lib/python3.13/site-packages/uvicorn/loops/auto.py'...
Compiling './pip-venv-amd64/lib/python3.13/site-packages/uvicorn/loops/uvloop.py'...
Compiling './pip-venv-amd64/lib/python3.13/site-packages/uvicorn/main.py'...
Listing './pip-venv-amd64/lib/python3.13/site-packages/uvicorn/middleware'...
Compiling './pip-venv-amd64/lib/python3.13/site-packages/uvicorn/middleware/__init__.py'...
Compiling './pip-venv-amd64/lib/python3.13/site-packages/uvicorn/middleware/asgi2.py'...
Compiling './pip-venv-amd64/lib/python3.13/site-packages/uvicorn/middleware/message_logger.py'...
Compiling './pip-venv-amd64/lib/python3.13/site-packages/uvicorn/middleware/proxy_headers.py'...
Compiling './pip-venv-amd64/lib/python3.13/site-packages/uvicorn/middleware/wsgi.py'...
Listing './pip-venv-amd64/lib/python3.13/site-packages/uvicorn/protocols'...
Compiling './pip-venv-amd64/lib/python3.13/site-packages/uvicorn/protocols/__init__.py'...
Listing './pip-venv-amd64/lib/python3.13/site-packages/uvicorn/protocols/http'...
Compiling './pip-venv-amd64/lib/python3.13/site-packages/uvicorn/protocols/http/__init__.py'...
Compiling './pip-venv-amd64/lib/python3.13/site-packages/uvicorn/protocols/http/auto.py'...
Compiling './pip-venv-amd64/lib/python3.13/site-packages/uvicorn/protocols/http/flow_control.py'...
Compiling './pip-venv-amd64/lib/python3.13/site-packages/uvicorn/protocols/http/h11_impl.py'...
Compiling './pip-venv-amd64/lib/python3.13/site-packages/uvicorn/protocols/http/httptools_impl.py'...
Compiling './pip-venv-amd64/lib/python3.13/site-packages/uvicorn/protocols/utils.py'...
Listing './pip-venv-amd64/lib/python3.13/site-packages/uvicorn/protocols/websockets'...
Compiling './pip-venv-amd64/lib/python3.13/site-packages/uvicorn/protocols/websockets/__init__.py'...
Compiling './pip-venv-amd64/lib/python3.13/site-packages/uvicorn/protocols/websockets/auto.py'...
Compiling './pip-venv-amd64/lib/python3.13/site-packages/uvicorn/protocols/websockets/websockets_impl.py'...
Compiling './pip-venv-amd64/lib/python3.13/site-packages/uvicorn/protocols/websockets/websockets_sansio_impl.py'...
Compiling './pip-venv-amd64/lib/python3.13/site-packages/uvicorn/protocols/websockets/wsproto_impl.py'...
Compiling './pip-venv-amd64/lib/python3.13/site-packages/uvicorn/server.py'...
Listing './pip-venv-amd64/lib/python3.13/site-packages/uvicorn/supervisors'...
Compiling './pip-venv-amd64/lib/python3.13/site-packages/uvicorn/supervisors/__init__.py'...
Compiling './pip-venv-amd64/lib/python3.13/site-packages/uvicorn/supervisors/basereload.py'...
Compiling './pip-venv-amd64/lib/python3.13/site-packages/uvicorn/supervisors/multiprocess.py'...
Compiling './pip-venv-amd64/lib/python3.13/site-packages/uvicorn/supervisors/statreload.py'...
Compiling './pip-venv-amd64/lib/python3.13/site-packages/uvicorn/supervisors/watchfilesreload.py'...
Compiling './pip-venv-amd64/lib/python3.13/site-packages/uvicorn/workers.py'...
Listing './pip-venv-amd64/lib/python3.13/site-packages/uvicorn-0.38.0.dist-info'...
Listing './pip-venv-amd64/lib/python3.13/site-packages/uvicorn-0.38.0.dist-info/licenses'...
Listing './pip-venv-amd64/lib/python3.13/site-packages/uvloop'...
Compiling './pip-venv-amd64/lib/python3.13/site-packages/uvloop/__init__.py'...
Compiling './pip-venv-amd64/lib/python3.13/site-packages/uvloop/_noop.py'...
Compiling './pip-venv-amd64/lib/python3.13/site-packages/uvloop/_testbase.py'...
Compiling './pip-venv-amd64/lib/python3.13/site-packages/uvloop/_version.py'...
Listing './pip-venv-amd64/lib/python3.13/site-packages/uvloop/handles'...
Listing './pip-venv-amd64/lib/python3.13/site-packages/uvloop/includes'...
Compiling './pip-venv-amd64/lib/python3.13/site-packages/uvloop/includes/__init__.py'...
Listing './pip-venv-amd64/lib/python3.13/site-packages/uvloop-0.22.1.dist-info'...
Listing './pip-venv-amd64/lib/python3.13/site-packages/uvloop-0.22.1.dist-info/licenses'...
Listing './pip-venv-amd64/lib/python3.13/site-packages/watchfiles'...
Compiling './pip-venv-amd64/lib/python3.13/site-packages/watchfiles/__init__.py'...
Compiling './pip-venv-amd64/lib/python3.13/site-packages/watchfiles/__main__.py'...
Compiling './pip-venv-amd64/lib/python3.13/site-packages/watchfiles/cli.py'...
Compiling './pip-venv-amd64/lib/python3.13/site-packages/watchfiles/filters.py'...
Compiling './pip-venv-amd64/lib/python3.13/site-packages/watchfiles/main.py'...
Compiling './pip-venv-amd64/lib/python3.13/site-packages/watchfiles/run.py'...
Compiling './pip-venv-amd64/lib/python3.13/site-packages/watchfiles/version.py'...
Listing './pip-venv-amd64/lib/python3.13/site-packages/watchfiles-1.1.1.dist-info'...
Listing './pip-venv-amd64/lib/python3.13/site-packages/watchfiles-1.1.1.dist-info/licenses'...
Listing './pip-venv-amd64/lib/python3.13/site-packages/websockets'...
Compiling './pip-venv-amd64/lib/python3.13/site-packages/websockets/__init__.py'...
Compiling './pip-venv-amd64/lib/python3.13/site-packages/websockets/__main__.py'...
Listing './pip-venv-amd64/lib/python3.13/site-packages/websockets/asyncio'...
Compiling './pip-venv-amd64/lib/python3.13/site-packages/websockets/asyncio/__init__.py'...
Compiling './pip-venv-amd64/lib/python3.13/site-packages/websockets/asyncio/async_timeout.py'...
Compiling './pip-venv-amd64/lib/python3.13/site-packages/websockets/asyncio/client.py'...
Compiling './pip-venv-amd64/lib/python3.13/site-packages/websockets/asyncio/compatibility.py'...
Compiling './pip-venv-amd64/lib/python3.13/site-packages/websockets/asyncio/connection.py'...
Compiling './pip-venv-amd64/lib/python3.13/site-packages/websockets/asyncio/messages.py'...
Compiling './pip-venv-amd64/lib/python3.13/site-packages/websockets/asyncio/router.py'...
Compiling './pip-venv-amd64/lib/python3.13/site-packages/websockets/asyncio/server.py'...
Compiling './pip-venv-amd64/lib/python3.13/site-packages/websockets/auth.py'...
Compiling './pip-venv-amd64/lib/python3.13/site-packages/websockets/cli.py'...
Compiling './pip-venv-amd64/lib/python3.13/site-packages/websockets/client.py'...
Compiling './pip-venv-amd64/lib/python3.13/site-packages/websockets/connection.py'...
Compiling './pip-venv-amd64/lib/python3.13/site-packages/websockets/datastructures.py'...
Compiling './pip-venv-amd64/lib/python3.13/site-packages/websockets/exceptions.py'...
Listing './pip-venv-amd64/lib/python3.13/site-packages/websockets/extensions'...
Compiling './pip-venv-amd64/lib/python3.13/site-packages/websockets/extensions/__init__.py'...
Compiling './pip-venv-amd64/lib/python3.13/site-packages/websockets/extensions/base.py'...
Compiling './pip-venv-amd64/lib/python3.13/site-packages/websockets/extensions/permessage_deflate.py'...
Compiling './pip-venv-amd64/lib/python3.13/site-packages/websockets/frames.py'...
Compiling './pip-venv-amd64/lib/python3.13/site-packages/websockets/headers.py'...
Compiling './pip-venv-amd64/lib/python3.13/site-packages/websockets/http.py'...
Compiling './pip-venv-amd64/lib/python3.13/site-packages/websockets/http11.py'...
Compiling './pip-venv-amd64/lib/python3.13/site-packages/websockets/imports.py'...
Listing './pip-venv-amd64/lib/python3.13/site-packages/websockets/legacy'...
Compiling './pip-venv-amd64/lib/python3.13/site-packages/websockets/legacy/__init__.py'...
Compiling './pip-venv-amd64/lib/python3.13/site-packages/websockets/legacy/auth.py'...
Compiling './pip-venv-amd64/lib/python3.13/site-packages/websockets/legacy/client.py'...
Compiling './pip-venv-amd64/lib/python3.13/site-packages/websockets/legacy/exceptions.py'...
Compiling './pip-venv-amd64/lib/python3.13/site-packages/websockets/legacy/framing.py'...
Compiling './pip-venv-amd64/lib/python3.13/site-packages/websockets/legacy/handshake.py'...
Compiling './pip-venv-amd64/lib/python3.13/site-packages/websockets/legacy/http.py'...
Compiling './pip-venv-amd64/lib/python3.13/site-packages/websockets/legacy/protocol.py'...
Compiling './pip-venv-amd64/lib/python3.13/site-packages/websockets/legacy/server.py'...
Compiling './pip-venv-amd64/lib/python3.13/site-packages/websockets/protocol.py'...
Compiling './pip-venv-amd64/lib/python3.13/site-packages/websockets/server.py'...
Compiling './pip-venv-amd64/lib/python3.13/site-packages/websockets/streams.py'...
Listing './pip-venv-amd64/lib/python3.13/site-packages/websockets/sync'...
Compiling './pip-venv-amd64/lib/python3.13/site-packages/websockets/sync/__init__.py'...
Compiling './pip-venv-amd64/lib/python3.13/site-packages/websockets/sync/client.py'...
Compiling './pip-venv-amd64/lib/python3.13/site-packages/websockets/sync/connection.py'...
Compiling './pip-venv-amd64/lib/python3.13/site-packages/websockets/sync/messages.py'...
Compiling './pip-venv-amd64/lib/python3.13/site-packages/websockets/sync/router.py'...
Compiling './pip-venv-amd64/lib/python3.13/site-packages/websockets/sync/server.py'...
Compiling './pip-venv-amd64/lib/python3.13/site-packages/websockets/sync/utils.py'...
Compiling './pip-venv-amd64/lib/python3.13/site-packages/websockets/typing.py'...
Compiling './pip-venv-amd64/lib/python3.13/site-packages/websockets/uri.py'...
Compiling './pip-venv-amd64/lib/python3.13/site-packages/websockets/utils.py'...
Compiling './pip-venv-amd64/lib/python3.13/site-packages/websockets/version.py'...
Listing './pip-venv-amd64/lib/python3.13/site-packages/websockets-15.0.1.dist-info'...
Listing './pip-venv-amd64/lib/python3.13/site-packages/werkzeug'...
Compiling './pip-venv-amd64/lib/python3.13/site-packages/werkzeug/__init__.py'...
Compiling './pip-venv-amd64/lib/python3.13/site-packages/werkzeug/_internal.py'...
Compiling './pip-venv-amd64/lib/python3.13/site-packages/werkzeug/_reloader.py'...
Listing './pip-venv-amd64/lib/python3.13/site-packages/werkzeug/datastructures'...
Compiling './pip-venv-amd64/lib/python3.13/site-packages/werkzeug/datastructures/__init__.py'...
Compiling './pip-venv-amd64/lib/python3.13/site-packages/werkzeug/datastructures/accept.py'...
Compiling './pip-venv-amd64/lib/python3.13/site-packages/werkzeug/datastructures/auth.py'...
Compiling './pip-venv-amd64/lib/python3.13/site-packages/werkzeug/datastructures/cache_control.py'...
Compiling './pip-venv-amd64/lib/python3.13/site-packages/werkzeug/datastructures/csp.py'...
Compiling './pip-venv-amd64/lib/python3.13/site-packages/werkzeug/datastructures/etag.py'...
Compiling './pip-venv-amd64/lib/python3.13/site-packages/werkzeug/datastructures/file_storage.py'...
Compiling './pip-venv-amd64/lib/python3.13/site-packages/werkzeug/datastructures/headers.py'...
Compiling './pip-venv-amd64/lib/python3.13/site-packages/werkzeug/datastructures/mixins.py'...
Compiling './pip-venv-amd64/lib/python3.13/site-packages/werkzeug/datastructures/range.py'...
Compiling './pip-venv-amd64/lib/python3.13/site-packages/werkzeug/datastructures/structures.py'...
Listing './pip-venv-amd64/lib/python3.13/site-packages/werkzeug/debug'...
Compiling './pip-venv-amd64/lib/python3.13/site-packages/werkzeug/debug/__init__.py'...
Compiling './pip-venv-amd64/lib/python3.13/site-packages/werkzeug/debug/console.py'...
Compiling './pip-venv-amd64/lib/python3.13/site-packages/werkzeug/debug/repr.py'...
Listing './pip-venv-amd64/lib/python3.13/site-packages/werkzeug/debug/shared'...
Compiling './pip-venv-amd64/lib/python3.13/site-packages/werkzeug/debug/tbtools.py'...
Compiling './pip-venv-amd64/lib/python3.13/site-packages/werkzeug/exceptions.py'...
Compiling './pip-venv-amd64/lib/python3.13/site-packages/werkzeug/formparser.py'...
Compiling './pip-venv-amd64/lib/python3.13/site-packages/werkzeug/http.py'...
Compiling './pip-venv-amd64/lib/python3.13/site-packages/werkzeug/local.py'...
Listing './pip-venv-amd64/lib/python3.13/site-packages/werkzeug/middleware'...
Compiling './pip-venv-amd64/lib/python3.13/site-packages/werkzeug/middleware/__init__.py'...
Compiling './pip-venv-amd64/lib/python3.13/site-packages/werkzeug/middleware/dispatcher.py'...
Compiling './pip-venv-amd64/lib/python3.13/site-packages/werkzeug/middleware/http_proxy.py'...
Compiling './pip-venv-amd64/lib/python3.13/site-packages/werkzeug/middleware/lint.py'...
Compiling './pip-venv-amd64/lib/python3.13/site-packages/werkzeug/middleware/profiler.py'...
Compiling './pip-venv-amd64/lib/python3.13/site-packages/werkzeug/middleware/proxy_fix.py'...
Compiling './pip-venv-amd64/lib/python3.13/site-packages/werkzeug/middleware/shared_data.py'...
Listing './pip-venv-amd64/lib/python3.13/site-packages/werkzeug/routing'...
Compiling './pip-venv-amd64/lib/python3.13/site-packages/werkzeug/routing/__init__.py'...
Compiling './pip-venv-amd64/lib/python3.13/site-packages/werkzeug/routing/converters.py'...
Compiling './pip-venv-amd64/lib/python3.13/site-packages/werkzeug/routing/exceptions.py'...
Compiling './pip-venv-amd64/lib/python3.13/site-packages/werkzeug/routing/map.py'...
Compiling './pip-venv-amd64/lib/python3.13/site-packages/werkzeug/routing/matcher.py'...
Compiling './pip-venv-amd64/lib/python3.13/site-packages/werkzeug/routing/rules.py'...
Listing './pip-venv-amd64/lib/python3.13/site-packages/werkzeug/sansio'...
Compiling './pip-venv-amd64/lib/python3.13/site-packages/werkzeug/sansio/__init__.py'...
Compiling './pip-venv-amd64/lib/python3.13/site-packages/werkzeug/sansio/http.py'...
Compiling './pip-venv-amd64/lib/python3.13/site-packages/werkzeug/sansio/multipart.py'...
Compiling './pip-venv-amd64/lib/python3.13/site-packages/werkzeug/sansio/request.py'...
Compiling './pip-venv-amd64/lib/python3.13/site-packages/werkzeug/sansio/response.py'...
Compiling './pip-venv-amd64/lib/python3.13/site-packages/werkzeug/sansio/utils.py'...
Compiling './pip-venv-amd64/lib/python3.13/site-packages/werkzeug/security.py'...
Compiling './pip-venv-amd64/lib/python3.13/site-packages/werkzeug/serving.py'...
Compiling './pip-venv-amd64/lib/python3.13/site-packages/werkzeug/test.py'...
Compiling './pip-venv-amd64/lib/python3.13/site-packages/werkzeug/testapp.py'...
Compiling './pip-venv-amd64/lib/python3.13/site-packages/werkzeug/urls.py'...
Compiling './pip-venv-amd64/lib/python3.13/site-packages/werkzeug/user_agent.py'...
Compiling './pip-venv-amd64/lib/python3.13/site-packages/werkzeug/utils.py'...
Listing './pip-venv-amd64/lib/python3.13/site-packages/werkzeug/wrappers'...
Compiling './pip-venv-amd64/lib/python3.13/site-packages/werkzeug/wrappers/__init__.py'...
Compiling './pip-venv-amd64/lib/python3.13/site-packages/werkzeug/wrappers/request.py'...
Compiling './pip-venv-amd64/lib/python3.13/site-packages/werkzeug/wrappers/response.py'...
Compiling './pip-venv-amd64/lib/python3.13/site-packages/werkzeug/wsgi.py'...
Listing './pip-venv-amd64/lib/python3.13/site-packages/werkzeug-3.1.3.dist-info'...
Listing './pip-venv-amd64/lib/python3.13/site-packages/wsproto'...
Compiling './pip-venv-amd64/lib/python3.13/site-packages/wsproto/__init__.py'...
Compiling './pip-venv-amd64/lib/python3.13/site-packages/wsproto/connection.py'...
Compiling './pip-venv-amd64/lib/python3.13/site-packages/wsproto/events.py'...
Compiling './pip-venv-amd64/lib/python3.13/site-packages/wsproto/extensions.py'...
Compiling './pip-venv-amd64/lib/python3.13/site-packages/wsproto/frame_protocol.py'...
Compiling './pip-venv-amd64/lib/python3.13/site-packages/wsproto/handshake.py'...
Compiling './pip-venv-amd64/lib/python3.13/site-packages/wsproto/typing.py'...
Compiling './pip-venv-amd64/lib/python3.13/site-packages/wsproto/utilities.py'...
Listing './pip-venv-amd64/lib/python3.13/site-packages/wsproto-1.3.0.dist-info'...
Listing './pip-venv-amd64/lib/python3.13/site-packages/wsproto-1.3.0.dist-info/licenses'...
Listing './pip-venv-amd64/lib/python3.13/site-packages/yaml'...
Compiling './pip-venv-amd64/lib/python3.13/site-packages/yaml/__init__.py'...
Compiling './pip-venv-amd64/lib/python3.13/site-packages/yaml/composer.py'...
Compiling './pip-venv-amd64/lib/python3.13/site-packages/yaml/constructor.py'...
Compiling './pip-venv-amd64/lib/python3.13/site-packages/yaml/cyaml.py'...
Compiling './pip-venv-amd64/lib/python3.13/site-packages/yaml/dumper.py'...
Compiling './pip-venv-amd64/lib/python3.13/site-packages/yaml/emitter.py'...
Compiling './pip-venv-amd64/lib/python3.13/site-packages/yaml/error.py'...
Compiling './pip-venv-amd64/lib/python3.13/site-packages/yaml/events.py'...
Compiling './pip-venv-amd64/lib/python3.13/site-packages/yaml/loader.py'...
Compiling './pip-venv-amd64/lib/python3.13/site-packages/yaml/nodes.py'...
Compiling './pip-venv-amd64/lib/python3.13/site-packages/yaml/parser.py'...
Compiling './pip-venv-amd64/lib/python3.13/site-packages/yaml/reader.py'...
Compiling './pip-venv-amd64/lib/python3.13/site-packages/yaml/representer.py'...
Compiling './pip-venv-amd64/lib/python3.13/site-packages/yaml/resolver.py'...
Compiling './pip-venv-amd64/lib/python3.13/site-packages/yaml/scanner.py'...
Compiling './pip-venv-amd64/lib/python3.13/site-packages/yaml/serializer.py'...
Compiling './pip-venv-amd64/lib/python3.13/site-packages/yaml/tokens.py'...
Listing './pip-venv-amd64/lib/python3.13/site-packages/zope'...
Listing './pip-venv-amd64/lib/python3.13/site-packages/zope/event'...
Compiling './pip-venv-amd64/lib/python3.13/site-packages/zope/event/__init__.py'...
Compiling './pip-venv-amd64/lib/python3.13/site-packages/zope/event/classhandler.py'...
Compiling './pip-venv-amd64/lib/python3.13/site-packages/zope/event/tests.py'...
Listing './pip-venv-amd64/lib/python3.13/site-packages/zope/interface'...
Compiling './pip-venv-amd64/lib/python3.13/site-packages/zope/interface/__init__.py'...
Compiling './pip-venv-amd64/lib/python3.13/site-packages/zope/interface/_compat.py'...
Compiling './pip-venv-amd64/lib/python3.13/site-packages/zope/interface/_flatten.py'...
Compiling './pip-venv-amd64/lib/python3.13/site-packages/zope/interface/adapter.py'...
Compiling './pip-venv-amd64/lib/python3.13/site-packages/zope/interface/advice.py'...
Listing './pip-venv-amd64/lib/python3.13/site-packages/zope/interface/common'...
Compiling './pip-venv-amd64/lib/python3.13/site-packages/zope/interface/common/__init__.py'...
Compiling './pip-venv-amd64/lib/python3.13/site-packages/zope/interface/common/builtins.py'...
Compiling './pip-venv-amd64/lib/python3.13/site-packages/zope/interface/common/collections.py'...
Compiling './pip-venv-amd64/lib/python3.13/site-packages/zope/interface/common/idatetime.py'...
Compiling './pip-venv-amd64/lib/python3.13/site-packages/zope/interface/common/interfaces.py'...
Compiling './pip-venv-amd64/lib/python3.13/site-packages/zope/interface/common/io.py'...
Compiling './pip-venv-amd64/lib/python3.13/site-packages/zope/interface/common/mapping.py'...
Compiling './pip-venv-amd64/lib/python3.13/site-packages/zope/interface/common/numbers.py'...
Compiling './pip-venv-amd64/lib/python3.13/site-packages/zope/interface/common/sequence.py'...
Listing './pip-venv-amd64/lib/python3.13/site-packages/zope/interface/common/tests'...
Compiling './pip-venv-amd64/lib/python3.13/site-packages/zope/interface/common/tests/__init__.py'...
Compiling './pip-venv-amd64/lib/python3.13/site-packages/zope/interface/common/tests/basemapping.py'...
Compiling './pip-venv-amd64/lib/python3.13/site-packages/zope/interface/common/tests/test_builtins.py'...
Compiling './pip-venv-amd64/lib/python3.13/site-packages/zope/interface/common/tests/test_collections.py'...
Compiling './pip-venv-amd64/lib/python3.13/site-packages/zope/interface/common/tests/test_idatetime.py'...
Compiling './pip-venv-amd64/lib/python3.13/site-packages/zope/interface/common/tests/test_import_interfaces.py'...
Compiling './pip-venv-amd64/lib/python3.13/site-packages/zope/interface/common/tests/test_io.py'...
Compiling './pip-venv-amd64/lib/python3.13/site-packages/zope/interface/common/tests/test_numbers.py'...
Compiling './pip-venv-amd64/lib/python3.13/site-packages/zope/interface/declarations.py'...
Compiling './pip-venv-amd64/lib/python3.13/site-packages/zope/interface/document.py'...
Compiling './pip-venv-amd64/lib/python3.13/site-packages/zope/interface/exceptions.py'...
Compiling './pip-venv-amd64/lib/python3.13/site-packages/zope/interface/interface.py'...
Compiling './pip-venv-amd64/lib/python3.13/site-packages/zope/interface/interfaces.py'...
Compiling './pip-venv-amd64/lib/python3.13/site-packages/zope/interface/registry.py'...
Compiling './pip-venv-amd64/lib/python3.13/site-packages/zope/interface/ro.py'...
Listing './pip-venv-amd64/lib/python3.13/site-packages/zope/interface/tests'...
Compiling './pip-venv-amd64/lib/python3.13/site-packages/zope/interface/tests/__init__.py'...
Compiling './pip-venv-amd64/lib/python3.13/site-packages/zope/interface/tests/advisory_testing.py'...
Compiling './pip-venv-amd64/lib/python3.13/site-packages/zope/interface/tests/dummy.py'...
Compiling './pip-venv-amd64/lib/python3.13/site-packages/zope/interface/tests/idummy.py'...
Compiling './pip-venv-amd64/lib/python3.13/site-packages/zope/interface/tests/m1.py'...
Compiling './pip-venv-amd64/lib/python3.13/site-packages/zope/interface/tests/odd.py'...
Compiling './pip-venv-amd64/lib/python3.13/site-packages/zope/interface/tests/test_adapter.py'...
Compiling './pip-venv-amd64/lib/python3.13/site-packages/zope/interface/tests/test_advice.py'...
Compiling './pip-venv-amd64/lib/python3.13/site-packages/zope/interface/tests/test_compile_flags.py'...
Compiling './pip-venv-amd64/lib/python3.13/site-packages/zope/interface/tests/test_declarations.py'...
Compiling './pip-venv-amd64/lib/python3.13/site-packages/zope/interface/tests/test_document.py'...
Compiling './pip-venv-amd64/lib/python3.13/site-packages/zope/interface/tests/test_element.py'...
Compiling './pip-venv-amd64/lib/python3.13/site-packages/zope/interface/tests/test_exceptions.py'...
Compiling './pip-venv-amd64/lib/python3.13/site-packages/zope/interface/tests/test_interface.py'...
Compiling './pip-venv-amd64/lib/python3.13/site-packages/zope/interface/tests/test_interfaces.py'...
Compiling './pip-venv-amd64/lib/python3.13/site-packages/zope/interface/tests/test_odd_declarations.py'...
Compiling './pip-venv-amd64/lib/python3.13/site-packages/zope/interface/tests/test_registry.py'...
Compiling './pip-venv-amd64/lib/python3.13/site-packages/zope/interface/tests/test_ro.py'...
Compiling './pip-venv-amd64/lib/python3.13/site-packages/zope/interface/tests/test_sorting.py'...
Compiling './pip-venv-amd64/lib/python3.13/site-packages/zope/interface/tests/test_verify.py'...
Compiling './pip-venv-amd64/lib/python3.13/site-packages/zope/interface/verify.py'...
Listing './pip-venv-amd64/lib/python3.13/site-packages/zope_event-6.1.dist-info'...
Listing './pip-venv-amd64/lib/python3.13/site-packages/zope_event-6.1.dist-info/licenses'...
Listing './pip-venv-amd64/lib/python3.13/site-packages/zope_interface-8.1.dist-info'...
Listing './pip-venv-amd64/lib/python3.13/site-packages/zope_interface-8.1.dist-info/licenses'...
Listing './pip-venv-amd64/man'...
Listing './pip-venv-amd64/man/man1'...
Listing './runtime_paths'...
Listing './scripts'...
Compiling './scripts/migrate_agent_sessions.py'...
